Site,Parameter,Date (LST),Year,Month,Day,Hour,Value,Unit,Duration,QC Name
Beijing,PM2.5,1/1/2016 0:00,2016,1,1,0,231,�g/m�,1 Hr,Valid
Beijing,PM2.5,1/1/2016 1:00,2016,1,1,1,239,�g/m�,1 Hr,Valid
Beijing,PM2.5,1/1/2016 2:00,2016,1,1,2,205,�g/m�,1 Hr,Valid
Beijing,PM2.5,1/1/2016 3:00,2016,1,1,3,167,�g/m�,1 Hr,Valid
Beijing,PM2.5,1/1/2016 4:00,2016,1,1,4,132,�g/m�,1 Hr,Valid
Beijing,PM2.5,1/1/2016 5:00,2016,1,1,5,169,�g/m�,1 Hr,Valid
Beijing,PM2.5,1/1/2016 6:00,2016,1,1,6,162,�g/m�,1 Hr,Valid
Beijing,PM2.5,1/1/2016 7:00,2016,1,1,7,123,�g/m�,1 Hr,Valid
Beijing,PM2.5,1/1/2016 8:00,2016,1,1,8,100,�g/m�,1 Hr,Valid
Beijing,PM2.5,1/1/2016 9:00,2016,1,1,9,101,�g/m�,1 Hr,Valid
Beijing,PM2.5,1/1/2016 10:00,2016,1,1,10,111,�g/m�,1 Hr,Valid
Beijing,PM2.5,1/1/2016 11:00,2016,1,1,11,115,�g/m�,1 Hr,Valid
Beijing,PM2.5,1/1/2016 12:00,2016,1,1,12,135,�g/m�,1 Hr,Valid
Beijing,PM2.5,1/1/2016 13:00,2016,1,1,13,165,�g/m�,1 Hr,Valid
Beijing,PM2.5,1/1/2016 14:00,2016,1,1,14,176,�g/m�,1 Hr,Valid
Beijing,PM2.5,1/1/2016 15:00,2016,1,1,15,187,�g/m�,1 Hr,Valid
Beijing,PM2.5,1/1/2016 16:00,2016,1,1,16,207,�g/m�,1 Hr,Valid
Beijing,PM2.5,1/1/2016 17:00,2016,1,1,17,235,�g/m�,1 Hr,Valid
Beijing,PM2.5,1/1/2016 18:00,2016,1,1,18,268,�g/m�,1 Hr,Valid
Beijing,PM2.5,1/1/2016 19:00,2016,1,1,19,302,�g/m�,1 Hr,Valid
Beijing,PM2.5,1/1/2016 20:00,2016,1,1,20,330,�g/m�,1 Hr,Valid
Beijing,PM2.5,1/1/2016 21:00,2016,1,1,21,345,�g/m�,1 Hr,Valid
Beijing,PM2.5,1/1/2016 22:00,2016,1,1,22,375,�g/m�,1 Hr,Valid
Beijing,PM2.5,1/1/2016 23:00,2016,1,1,23,400,�g/m�,1 Hr,Valid
Beijing,PM2.5,1/2/2016 0:00,2016,1,2,0,362,�g/m�,1 Hr,Valid
Beijing,PM2.5,1/2/2016 1:00,2016,1,2,1,321,�g/m�,1 Hr,Valid
Beijing,PM2.5,1/2/2016 2:00,2016,1,2,2,230,�g/m�,1 Hr,Valid
Beijing,PM2.5,1/2/2016 3:00,2016,1,2,3,225,�g/m�,1 Hr,Valid
Beijing,PM2.5,1/2/2016 4:00,2016,1,2,4,198,�g/m�,1 Hr,Valid
Beijing,PM2.5,1/2/2016 5:00,2016,1,2,5,191,�g/m�,1 Hr,Valid
Beijing,PM2.5,1/2/2016 6:00,2016,1,2,6,199,�g/m�,1 Hr,Valid
Beijing,PM2.5,1/2/2016 7:00,2016,1,2,7,206,�g/m�,1 Hr,Valid
Beijing,PM2.5,1/2/2016 8:00,2016,1,2,8,230,�g/m�,1 Hr,Valid
Beijing,PM2.5,1/2/2016 9:00,2016,1,2,9,279,�g/m�,1 Hr,Valid
Beijing,PM2.5,1/2/2016 10:00,2016,1,2,10,199,�g/m�,1 Hr,Valid
Beijing,PM2.5,1/2/2016 11:00,2016,1,2,11,220,�g/m�,1 Hr,Valid
Beijing,PM2.5,1/2/2016 12:00,2016,1,2,12,222,�g/m�,1 Hr,Valid
Beijing,PM2.5,1/2/2016 13:00,2016,1,2,13,220,�g/m�,1 Hr,Valid
Beijing,PM2.5,1/2/2016 14:00,2016,1,2,14,198,�g/m�,1 Hr,Valid
Beijing,PM2.5,1/2/2016 15:00,2016,1,2,15,208,�g/m�,1 Hr,Valid
Beijing,PM2.5,1/2/2016 16:00,2016,1,2,16,240,�g/m�,1 Hr,Valid
Beijing,PM2.5,1/2/2016 17:00,2016,1,2,17,293,�g/m�,1 Hr,Valid
Beijing,PM2.5,1/2/2016 18:00,2016,1,2,18,368,�g/m�,1 Hr,Valid
Beijing,PM2.5,1/2/2016 19:00,2016,1,2,19,493,�g/m�,1 Hr,Valid
Beijing,PM2.5,1/2/2016 20:00,2016,1,2,20,517,�g/m�,1 Hr,Valid
Beijing,PM2.5,1/2/2016 21:00,2016,1,2,21,501,�g/m�,1 Hr,Valid
Beijing,PM2.5,1/2/2016 22:00,2016,1,2,22,496,�g/m�,1 Hr,Valid
Beijing,PM2.5,1/2/2016 23:00,2016,1,2,23,559,�g/m�,1 Hr,Valid
Beijing,PM2.5,1/3/2016 0:00,2016,1,3,0,530,�g/m�,1 Hr,Valid
Beijing,PM2.5,1/3/2016 1:00,2016,1,3,1,582,�g/m�,1 Hr,Valid
Beijing,PM2.5,1/3/2016 2:00,2016,1,3,2,406,�g/m�,1 Hr,Valid
Beijing,PM2.5,1/3/2016 3:00,2016,1,3,3,261,�g/m�,1 Hr,Valid
Beijing,PM2.5,1/3/2016 4:00,2016,1,3,4,244,�g/m�,1 Hr,Valid
Beijing,PM2.5,1/3/2016 5:00,2016,1,3,5,229,�g/m�,1 Hr,Valid
Beijing,PM2.5,1/3/2016 6:00,2016,1,3,6,176,�g/m�,1 Hr,Valid
Beijing,PM2.5,1/3/2016 7:00,2016,1,3,7,178,�g/m�,1 Hr,Valid
Beijing,PM2.5,1/3/2016 8:00,2016,1,3,8,166,�g/m�,1 Hr,Valid
Beijing,PM2.5,1/3/2016 9:00,2016,1,3,9,131,�g/m�,1 Hr,Valid
Beijing,PM2.5,1/3/2016 10:00,2016,1,3,10,131,�g/m�,1 Hr,Valid
Beijing,PM2.5,1/3/2016 11:00,2016,1,3,11,107,�g/m�,1 Hr,Valid
Beijing,PM2.5,1/3/2016 12:00,2016,1,3,12,103,�g/m�,1 Hr,Valid
Beijing,PM2.5,1/3/2016 13:00,2016,1,3,13,100,�g/m�,1 Hr,Valid
Beijing,PM2.5,1/3/2016 14:00,2016,1,3,14,107,�g/m�,1 Hr,Valid
Beijing,PM2.5,1/3/2016 15:00,2016,1,3,15,115,�g/m�,1 Hr,Valid
Beijing,PM2.5,1/3/2016 16:00,2016,1,3,16,157,�g/m�,1 Hr,Valid
Beijing,PM2.5,1/3/2016 17:00,2016,1,3,17,208,�g/m�,1 Hr,Valid
Beijing,PM2.5,1/3/2016 18:00,2016,1,3,18,214,�g/m�,1 Hr,Valid
Beijing,PM2.5,1/3/2016 19:00,2016,1,3,19,217,�g/m�,1 Hr,Valid
Beijing,PM2.5,1/3/2016 20:00,2016,1,3,20,217,�g/m�,1 Hr,Valid
Beijing,PM2.5,1/3/2016 21:00,2016,1,3,21,229,�g/m�,1 Hr,Valid
Beijing,PM2.5,1/3/2016 22:00,2016,1,3,22,239,�g/m�,1 Hr,Valid
Beijing,PM2.5,1/3/2016 23:00,2016,1,3,23,243,�g/m�,1 Hr,Valid
Beijing,PM2.5,1/4/2016 0:00,2016,1,4,0,251,�g/m�,1 Hr,Valid
Beijing,PM2.5,1/4/2016 1:00,2016,1,4,1,231,�g/m�,1 Hr,Valid
Beijing,PM2.5,1/4/2016 2:00,2016,1,4,2,70,�g/m�,1 Hr,Valid
Beijing,PM2.5,1/4/2016 3:00,2016,1,4,3,11,�g/m�,1 Hr,Valid
Beijing,PM2.5,1/4/2016 4:00,2016,1,4,4,7,�g/m�,1 Hr,Valid
Beijing,PM2.5,1/4/2016 5:00,2016,1,4,5,8,�g/m�,1 Hr,Valid
Beijing,PM2.5,1/4/2016 6:00,2016,1,4,6,9,�g/m�,1 Hr,Valid
Beijing,PM2.5,1/4/2016 7:00,2016,1,4,7,10,�g/m�,1 Hr,Valid
Beijing,PM2.5,1/4/2016 8:00,2016,1,4,8,6,�g/m�,1 Hr,Valid
Beijing,PM2.5,1/4/2016 9:00,2016,1,4,9,12,�g/m�,1 Hr,Valid
Beijing,PM2.5,1/4/2016 10:00,2016,1,4,10,13,�g/m�,1 Hr,Valid
Beijing,PM2.5,1/4/2016 11:00,2016,1,4,11,12,�g/m�,1 Hr,Valid
Beijing,PM2.5,1/4/2016 12:00,2016,1,4,12,15,�g/m�,1 Hr,Valid
Beijing,PM2.5,1/4/2016 13:00,2016,1,4,13,10,�g/m�,1 Hr,Valid
Beijing,PM2.5,1/4/2016 14:00,2016,1,4,14,16,�g/m�,1 Hr,Valid
Beijing,PM2.5,1/4/2016 15:00,2016,1,4,15,14,�g/m�,1 Hr,Valid
Beijing,PM2.5,1/4/2016 16:00,2016,1,4,16,16,�g/m�,1 Hr,Valid
Beijing,PM2.5,1/4/2016 17:00,2016,1,4,17,11,�g/m�,1 Hr,Valid
Beijing,PM2.5,1/4/2016 18:00,2016,1,4,18,16,�g/m�,1 Hr,Valid
Beijing,PM2.5,1/4/2016 19:00,2016,1,4,19,14,�g/m�,1 Hr,Valid
Beijing,PM2.5,1/4/2016 20:00,2016,1,4,20,11,�g/m�,1 Hr,Valid
Beijing,PM2.5,1/4/2016 21:00,2016,1,4,21,11,�g/m�,1 Hr,Valid
Beijing,PM2.5,1/4/2016 22:00,2016,1,4,22,12,�g/m�,1 Hr,Valid
Beijing,PM2.5,1/4/2016 23:00,2016,1,4,23,9,�g/m�,1 Hr,Valid
Beijing,PM2.5,1/5/2016 0:00,2016,1,5,0,9,�g/m�,1 Hr,Valid
Beijing,PM2.5,1/5/2016 1:00,2016,1,5,1,9,�g/m�,1 Hr,Valid
Beijing,PM2.5,1/5/2016 2:00,2016,1,5,2,7,�g/m�,1 Hr,Valid
Beijing,PM2.5,1/5/2016 3:00,2016,1,5,3,7,�g/m�,1 Hr,Valid
Beijing,PM2.5,1/5/2016 4:00,2016,1,5,4,8,�g/m�,1 Hr,Valid
Beijing,PM2.5,1/5/2016 5:00,2016,1,5,5,9,�g/m�,1 Hr,Valid
Beijing,PM2.5,1/5/2016 6:00,2016,1,5,6,9,�g/m�,1 Hr,Valid
Beijing,PM2.5,1/5/2016 7:00,2016,1,5,7,14,�g/m�,1 Hr,Valid
Beijing,PM2.5,1/5/2016 8:00,2016,1,5,8,11,�g/m�,1 Hr,Valid
Beijing,PM2.5,1/5/2016 9:00,2016,1,5,9,13,�g/m�,1 Hr,Valid
Beijing,PM2.5,1/5/2016 10:00,2016,1,5,10,12,�g/m�,1 Hr,Valid
Beijing,PM2.5,1/5/2016 11:00,2016,1,5,11,12,�g/m�,1 Hr,Valid
Beijing,PM2.5,1/5/2016 12:00,2016,1,5,12,14,�g/m�,1 Hr,Valid
Beijing,PM2.5,1/5/2016 13:00,2016,1,5,13,12,�g/m�,1 Hr,Valid
Beijing,PM2.5,1/5/2016 14:00,2016,1,5,14,15,�g/m�,1 Hr,Valid
Beijing,PM2.5,1/5/2016 15:00,2016,1,5,15,33,�g/m�,1 Hr,Valid
Beijing,PM2.5,1/5/2016 16:00,2016,1,5,16,45,�g/m�,1 Hr,Valid
Beijing,PM2.5,1/5/2016 17:00,2016,1,5,17,54,�g/m�,1 Hr,Valid
Beijing,PM2.5,1/5/2016 18:00,2016,1,5,18,72,�g/m�,1 Hr,Valid
Beijing,PM2.5,1/5/2016 19:00,2016,1,5,19,86,�g/m�,1 Hr,Valid
Beijing,PM2.5,1/5/2016 20:00,2016,1,5,20,91,�g/m�,1 Hr,Valid
Beijing,PM2.5,1/5/2016 21:00,2016,1,5,21,101,�g/m�,1 Hr,Valid
Beijing,PM2.5,1/5/2016 22:00,2016,1,5,22,76,�g/m�,1 Hr,Valid
Beijing,PM2.5,1/5/2016 23:00,2016,1,5,23,55,�g/m�,1 Hr,Valid
Beijing,PM2.5,1/6/2016 0:00,2016,1,6,0,97,�g/m�,1 Hr,Valid
Beijing,PM2.5,1/6/2016 1:00,2016,1,6,1,47,�g/m�,1 Hr,Valid
Beijing,PM2.5,1/6/2016 2:00,2016,1,6,2,30,�g/m�,1 Hr,Valid
Beijing,PM2.5,1/6/2016 3:00,2016,1,6,3,37,�g/m�,1 Hr,Valid
Beijing,PM2.5,1/6/2016 4:00,2016,1,6,4,42,�g/m�,1 Hr,Valid
Beijing,PM2.5,1/6/2016 5:00,2016,1,6,5,28,�g/m�,1 Hr,Valid
Beijing,PM2.5,1/6/2016 6:00,2016,1,6,6,17,�g/m�,1 Hr,Valid
Beijing,PM2.5,1/6/2016 7:00,2016,1,6,7,27,�g/m�,1 Hr,Valid
Beijing,PM2.5,1/6/2016 8:00,2016,1,6,8,30,�g/m�,1 Hr,Valid
Beijing,PM2.5,1/6/2016 9:00,2016,1,6,9,40,�g/m�,1 Hr,Valid
Beijing,PM2.5,1/6/2016 10:00,2016,1,6,10,19,�g/m�,1 Hr,Valid
Beijing,PM2.5,1/6/2016 11:00,2016,1,6,11,16,�g/m�,1 Hr,Valid
Beijing,PM2.5,1/6/2016 12:00,2016,1,6,12,7,�g/m�,1 Hr,Valid
Beijing,PM2.5,1/6/2016 13:00,2016,1,6,13,11,�g/m�,1 Hr,Valid
Beijing,PM2.5,1/6/2016 14:00,2016,1,6,14,10,�g/m�,1 Hr,Valid
Beijing,PM2.5,1/6/2016 15:00,2016,1,6,15,10,�g/m�,1 Hr,Valid
Beijing,PM2.5,1/6/2016 16:00,2016,1,6,16,9,�g/m�,1 Hr,Valid
Beijing,PM2.5,1/6/2016 17:00,2016,1,6,17,7,�g/m�,1 Hr,Valid
Beijing,PM2.5,1/6/2016 18:00,2016,1,6,18,11,�g/m�,1 Hr,Valid
Beijing,PM2.5,1/6/2016 19:00,2016,1,6,19,11,�g/m�,1 Hr,Valid
Beijing,PM2.5,1/6/2016 20:00,2016,1,6,20,11,�g/m�,1 Hr,Valid
Beijing,PM2.5,1/6/2016 21:00,2016,1,6,21,9,�g/m�,1 Hr,Valid
Beijing,PM2.5,1/6/2016 22:00,2016,1,6,22,7,�g/m�,1 Hr,Valid
Beijing,PM2.5,1/6/2016 23:00,2016,1,6,23,12,�g/m�,1 Hr,Valid
Beijing,PM2.5,1/7/2016 0:00,2016,1,7,0,12,�g/m�,1 Hr,Valid
Beijing,PM2.5,1/7/2016 1:00,2016,1,7,1,8,�g/m�,1 Hr,Valid
Beijing,PM2.5,1/7/2016 2:00,2016,1,7,2,8,�g/m�,1 Hr,Valid
Beijing,PM2.5,1/7/2016 3:00,2016,1,7,3,10,�g/m�,1 Hr,Valid
Beijing,PM2.5,1/7/2016 4:00,2016,1,7,4,8,�g/m�,1 Hr,Valid
Beijing,PM2.5,1/7/2016 5:00,2016,1,7,5,7,�g/m�,1 Hr,Valid
Beijing,PM2.5,1/7/2016 6:00,2016,1,7,6,8,�g/m�,1 Hr,Valid
Beijing,PM2.5,1/7/2016 7:00,2016,1,7,7,9,�g/m�,1 Hr,Valid
Beijing,PM2.5,1/7/2016 8:00,2016,1,7,8,9,�g/m�,1 Hr,Valid
Beijing,PM2.5,1/7/2016 9:00,2016,1,7,9,11,�g/m�,1 Hr,Valid
Beijing,PM2.5,1/7/2016 10:00,2016,1,7,10,12,�g/m�,1 Hr,Valid
Beijing,PM2.5,1/7/2016 11:00,2016,1,7,11,7,�g/m�,1 Hr,Valid
Beijing,PM2.5,1/7/2016 12:00,2016,1,7,12,6,�g/m�,1 Hr,Valid
Beijing,PM2.5,1/7/2016 13:00,2016,1,7,13,9,�g/m�,1 Hr,Valid
Beijing,PM2.5,1/7/2016 14:00,2016,1,7,14,7,�g/m�,1 Hr,Valid
Beijing,PM2.5,1/7/2016 15:00,2016,1,7,15,10,�g/m�,1 Hr,Valid
Beijing,PM2.5,1/7/2016 16:00,2016,1,7,16,11,�g/m�,1 Hr,Valid
Beijing,PM2.5,1/7/2016 17:00,2016,1,7,17,14,�g/m�,1 Hr,Valid
Beijing,PM2.5,1/7/2016 18:00,2016,1,7,18,16,�g/m�,1 Hr,Valid
Beijing,PM2.5,1/7/2016 19:00,2016,1,7,19,13,�g/m�,1 Hr,Valid
Beijing,PM2.5,1/7/2016 20:00,2016,1,7,20,18,�g/m�,1 Hr,Valid
Beijing,PM2.5,1/7/2016 21:00,2016,1,7,21,12,�g/m�,1 Hr,Valid
Beijing,PM2.5,1/7/2016 22:00,2016,1,7,22,18,�g/m�,1 Hr,Valid
Beijing,PM2.5,1/7/2016 23:00,2016,1,7,23,16,�g/m�,1 Hr,Valid
Beijing,PM2.5,1/8/2016 0:00,2016,1,8,0,17,�g/m�,1 Hr,Valid
Beijing,PM2.5,1/8/2016 1:00,2016,1,8,1,14,�g/m�,1 Hr,Valid
Beijing,PM2.5,1/8/2016 2:00,2016,1,8,2,14,�g/m�,1 Hr,Valid
Beijing,PM2.5,1/8/2016 3:00,2016,1,8,3,9,�g/m�,1 Hr,Valid
Beijing,PM2.5,1/8/2016 4:00,2016,1,8,4,7,�g/m�,1 Hr,Valid
Beijing,PM2.5,1/8/2016 5:00,2016,1,8,5,6,�g/m�,1 Hr,Valid
Beijing,PM2.5,1/8/2016 6:00,2016,1,8,6,9,�g/m�,1 Hr,Valid
Beijing,PM2.5,1/8/2016 7:00,2016,1,8,7,16,�g/m�,1 Hr,Valid
Beijing,PM2.5,1/8/2016 8:00,2016,1,8,8,16,�g/m�,1 Hr,Valid
Beijing,PM2.5,1/8/2016 9:00,2016,1,8,9,21,�g/m�,1 Hr,Valid
Beijing,PM2.5,1/8/2016 10:00,2016,1,8,10,19,�g/m�,1 Hr,Valid
Beijing,PM2.5,1/8/2016 11:00,2016,1,8,11,15,�g/m�,1 Hr,Valid
Beijing,PM2.5,1/8/2016 12:00,2016,1,8,12,22,�g/m�,1 Hr,Valid
Beijing,PM2.5,1/8/2016 13:00,2016,1,8,13,17,�g/m�,1 Hr,Valid
Beijing,PM2.5,1/8/2016 14:00,2016,1,8,14,13,�g/m�,1 Hr,Valid
Beijing,PM2.5,1/8/2016 15:00,2016,1,8,15,10,�g/m�,1 Hr,Valid
Beijing,PM2.5,1/8/2016 16:00,2016,1,8,16,9,�g/m�,1 Hr,Valid
Beijing,PM2.5,1/8/2016 17:00,2016,1,8,17,18,�g/m�,1 Hr,Valid
Beijing,PM2.5,1/8/2016 18:00,2016,1,8,18,61,�g/m�,1 Hr,Valid
Beijing,PM2.5,1/8/2016 19:00,2016,1,8,19,99,�g/m�,1 Hr,Valid
Beijing,PM2.5,1/8/2016 20:00,2016,1,8,20,124,�g/m�,1 Hr,Valid
Beijing,PM2.5,1/8/2016 21:00,2016,1,8,21,135,�g/m�,1 Hr,Valid
Beijing,PM2.5,1/8/2016 22:00,2016,1,8,22,137,�g/m�,1 Hr,Valid
Beijing,PM2.5,1/8/2016 23:00,2016,1,8,23,138,�g/m�,1 Hr,Valid
Beijing,PM2.5,1/9/2016 0:00,2016,1,9,0,136,�g/m�,1 Hr,Valid
Beijing,PM2.5,1/9/2016 1:00,2016,1,9,1,124,�g/m�,1 Hr,Valid
Beijing,PM2.5,1/9/2016 2:00,2016,1,9,2,85,�g/m�,1 Hr,Valid
Beijing,PM2.5,1/9/2016 3:00,2016,1,9,3,82,�g/m�,1 Hr,Valid
Beijing,PM2.5,1/9/2016 4:00,2016,1,9,4,74,�g/m�,1 Hr,Valid
Beijing,PM2.5,1/9/2016 5:00,2016,1,9,5,48,�g/m�,1 Hr,Valid
Beijing,PM2.5,1/9/2016 6:00,2016,1,9,6,33,�g/m�,1 Hr,Valid
Beijing,PM2.5,1/9/2016 7:00,2016,1,9,7,28,�g/m�,1 Hr,Valid
Beijing,PM2.5,1/9/2016 8:00,2016,1,9,8,28,�g/m�,1 Hr,Valid
Beijing,PM2.5,1/9/2016 9:00,2016,1,9,9,25,�g/m�,1 Hr,Valid
Beijing,PM2.5,1/9/2016 10:00,2016,1,9,10,29,�g/m�,1 Hr,Valid
Beijing,PM2.5,1/9/2016 11:00,2016,1,9,11,31,�g/m�,1 Hr,Valid
Beijing,PM2.5,1/9/2016 12:00,2016,1,9,12,37,�g/m�,1 Hr,Valid
Beijing,PM2.5,1/9/2016 13:00,2016,1,9,13,44,�g/m�,1 Hr,Valid
Beijing,PM2.5,1/9/2016 14:00,2016,1,9,14,44,�g/m�,1 Hr,Valid
Beijing,PM2.5,1/9/2016 15:00,2016,1,9,15,32,�g/m�,1 Hr,Valid
Beijing,PM2.5,1/9/2016 16:00,2016,1,9,16,48,�g/m�,1 Hr,Valid
Beijing,PM2.5,1/9/2016 17:00,2016,1,9,17,57,�g/m�,1 Hr,Valid
Beijing,PM2.5,1/9/2016 18:00,2016,1,9,18,87,�g/m�,1 Hr,Valid
Beijing,PM2.5,1/9/2016 19:00,2016,1,9,19,102,�g/m�,1 Hr,Valid
Beijing,PM2.5,1/9/2016 20:00,2016,1,9,20,144,�g/m�,1 Hr,Valid
Beijing,PM2.5,1/9/2016 21:00,2016,1,9,21,173,�g/m�,1 Hr,Valid
Beijing,PM2.5,1/9/2016 22:00,2016,1,9,22,164,�g/m�,1 Hr,Valid
Beijing,PM2.5,1/9/2016 23:00,2016,1,9,23,124,�g/m�,1 Hr,Valid
Beijing,PM2.5,1/10/2016 0:00,2016,1,10,0,83,�g/m�,1 Hr,Valid
Beijing,PM2.5,1/10/2016 1:00,2016,1,10,1,70,�g/m�,1 Hr,Valid
Beijing,PM2.5,1/10/2016 2:00,2016,1,10,2,61,�g/m�,1 Hr,Valid
Beijing,PM2.5,1/10/2016 3:00,2016,1,10,3,44,�g/m�,1 Hr,Valid
Beijing,PM2.5,1/10/2016 4:00,2016,1,10,4,28,�g/m�,1 Hr,Valid
Beijing,PM2.5,1/10/2016 5:00,2016,1,10,5,25,�g/m�,1 Hr,Valid
Beijing,PM2.5,1/10/2016 6:00,2016,1,10,6,26,�g/m�,1 Hr,Valid
Beijing,PM2.5,1/10/2016 7:00,2016,1,10,7,25,�g/m�,1 Hr,Valid
Beijing,PM2.5,1/10/2016 8:00,2016,1,10,8,16,�g/m�,1 Hr,Valid
Beijing,PM2.5,1/10/2016 9:00,2016,1,10,9,24,�g/m�,1 Hr,Valid
Beijing,PM2.5,1/10/2016 10:00,2016,1,10,10,39,�g/m�,1 Hr,Valid
Beijing,PM2.5,1/10/2016 11:00,2016,1,10,11,43,�g/m�,1 Hr,Valid
Beijing,PM2.5,1/10/2016 12:00,2016,1,10,12,55,�g/m�,1 Hr,Valid
Beijing,PM2.5,1/10/2016 13:00,2016,1,10,13,63,�g/m�,1 Hr,Valid
Beijing,PM2.5,1/10/2016 14:00,2016,1,10,14,50,�g/m�,1 Hr,Valid
Beijing,PM2.5,1/10/2016 15:00,2016,1,10,15,74,�g/m�,1 Hr,Valid
Beijing,PM2.5,1/10/2016 16:00,2016,1,10,16,69,�g/m�,1 Hr,Valid
Beijing,PM2.5,1/10/2016 17:00,2016,1,10,17,67,�g/m�,1 Hr,Valid
Beijing,PM2.5,1/10/2016 18:00,2016,1,10,18,68,�g/m�,1 Hr,Valid
Beijing,PM2.5,1/10/2016 19:00,2016,1,10,19,69,�g/m�,1 Hr,Valid
Beijing,PM2.5,1/10/2016 20:00,2016,1,10,20,76,�g/m�,1 Hr,Valid
Beijing,PM2.5,1/10/2016 21:00,2016,1,10,21,29,�g/m�,1 Hr,Valid
Beijing,PM2.5,1/10/2016 22:00,2016,1,10,22,20,�g/m�,1 Hr,Valid
Beijing,PM2.5,1/10/2016 23:00,2016,1,10,23,16,�g/m�,1 Hr,Valid
Beijing,PM2.5,1/11/2016 0:00,2016,1,11,0,15,�g/m�,1 Hr,Valid
Beijing,PM2.5,1/11/2016 1:00,2016,1,11,1,17,�g/m�,1 Hr,Valid
Beijing,PM2.5,1/11/2016 2:00,2016,1,11,2,9,�g/m�,1 Hr,Valid
Beijing,PM2.5,1/11/2016 3:00,2016,1,11,3,9,�g/m�,1 Hr,Valid
Beijing,PM2.5,1/11/2016 4:00,2016,1,11,4,11,�g/m�,1 Hr,Valid
Beijing,PM2.5,1/11/2016 5:00,2016,1,11,5,10,�g/m�,1 Hr,Valid
Beijing,PM2.5,1/11/2016 6:00,2016,1,11,6,10,�g/m�,1 Hr,Valid
Beijing,PM2.5,1/11/2016 7:00,2016,1,11,7,12,�g/m�,1 Hr,Valid
Beijing,PM2.5,1/11/2016 8:00,2016,1,11,8,13,�g/m�,1 Hr,Valid
Beijing,PM2.5,1/11/2016 9:00,2016,1,11,9,13,�g/m�,1 Hr,Valid
Beijing,PM2.5,1/11/2016 10:00,2016,1,11,10,11,�g/m�,1 Hr,Valid
Beijing,PM2.5,1/11/2016 11:00,2016,1,11,11,14,�g/m�,1 Hr,Valid
Beijing,PM2.5,1/11/2016 12:00,2016,1,11,12,10,�g/m�,1 Hr,Valid
Beijing,PM2.5,1/11/2016 13:00,2016,1,11,13,9,�g/m�,1 Hr,Valid
Beijing,PM2.5,1/11/2016 14:00,2016,1,11,14,8,�g/m�,1 Hr,Valid
Beijing,PM2.5,1/11/2016 15:00,2016,1,11,15,10,�g/m�,1 Hr,Valid
Beijing,PM2.5,1/11/2016 16:00,2016,1,11,16,9,�g/m�,1 Hr,Valid
Beijing,PM2.5,1/11/2016 17:00,2016,1,11,17,12,�g/m�,1 Hr,Valid
Beijing,PM2.5,1/11/2016 18:00,2016,1,11,18,8,�g/m�,1 Hr,Valid
Beijing,PM2.5,1/11/2016 19:00,2016,1,11,19,12,�g/m�,1 Hr,Valid
Beijing,PM2.5,1/11/2016 20:00,2016,1,11,20,18,�g/m�,1 Hr,Valid
Beijing,PM2.5,1/11/2016 21:00,2016,1,11,21,12,�g/m�,1 Hr,Valid
Beijing,PM2.5,1/11/2016 22:00,2016,1,11,22,17,�g/m�,1 Hr,Valid
Beijing,PM2.5,1/11/2016 23:00,2016,1,11,23,15,�g/m�,1 Hr,Valid
Beijing,PM2.5,1/12/2016 0:00,2016,1,12,0,14,�g/m�,1 Hr,Valid
Beijing,PM2.5,1/12/2016 1:00,2016,1,12,1,15,�g/m�,1 Hr,Valid
Beijing,PM2.5,1/12/2016 2:00,2016,1,12,2,13,�g/m�,1 Hr,Valid
Beijing,PM2.5,1/12/2016 3:00,2016,1,12,3,11,�g/m�,1 Hr,Valid
Beijing,PM2.5,1/12/2016 4:00,2016,1,12,4,8,�g/m�,1 Hr,Valid
Beijing,PM2.5,1/12/2016 5:00,2016,1,12,5,9,�g/m�,1 Hr,Valid
Beijing,PM2.5,1/12/2016 6:00,2016,1,12,6,14,�g/m�,1 Hr,Valid
Beijing,PM2.5,1/12/2016 7:00,2016,1,12,7,19,�g/m�,1 Hr,Valid
Beijing,PM2.5,1/12/2016 8:00,2016,1,12,8,24,�g/m�,1 Hr,Valid
Beijing,PM2.5,1/12/2016 9:00,2016,1,12,9,30,�g/m�,1 Hr,Valid
Beijing,PM2.5,1/12/2016 10:00,2016,1,12,10,15,�g/m�,1 Hr,Valid
Beijing,PM2.5,1/12/2016 11:00,2016,1,12,11,9,�g/m�,1 Hr,Valid
Beijing,PM2.5,1/12/2016 12:00,2016,1,12,12,9,�g/m�,1 Hr,Valid
Beijing,PM2.5,1/12/2016 13:00,2016,1,12,13,8,�g/m�,1 Hr,Valid
Beijing,PM2.5,1/12/2016 14:00,2016,1,12,14,10,�g/m�,1 Hr,Valid
Beijing,PM2.5,1/12/2016 15:00,2016,1,12,15,8,�g/m�,1 Hr,Valid
Beijing,PM2.5,1/12/2016 16:00,2016,1,12,16,6,�g/m�,1 Hr,Valid
Beijing,PM2.5,1/12/2016 17:00,2016,1,12,17,5,�g/m�,1 Hr,Valid
Beijing,PM2.5,1/12/2016 18:00,2016,1,12,18,12,�g/m�,1 Hr,Valid
Beijing,PM2.5,1/12/2016 19:00,2016,1,12,19,14,�g/m�,1 Hr,Valid
Beijing,PM2.5,1/12/2016 20:00,2016,1,12,20,21,�g/m�,1 Hr,Valid
Beijing,PM2.5,1/12/2016 21:00,2016,1,12,21,15,�g/m�,1 Hr,Valid
Beijing,PM2.5,1/12/2016 22:00,2016,1,12,22,14,�g/m�,1 Hr,Valid
Beijing,PM2.5,1/12/2016 23:00,2016,1,12,23,12,�g/m�,1 Hr,Valid
Beijing,PM2.5,1/13/2016 0:00,2016,1,13,0,12,�g/m�,1 Hr,Valid
Beijing,PM2.5,1/13/2016 1:00,2016,1,13,1,10,�g/m�,1 Hr,Valid
Beijing,PM2.5,1/13/2016 2:00,2016,1,13,2,8,�g/m�,1 Hr,Valid
Beijing,PM2.5,1/13/2016 3:00,2016,1,13,3,7,�g/m�,1 Hr,Valid
Beijing,PM2.5,1/13/2016 4:00,2016,1,13,4,7,�g/m�,1 Hr,Valid
Beijing,PM2.5,1/13/2016 5:00,2016,1,13,5,6,�g/m�,1 Hr,Valid
Beijing,PM2.5,1/13/2016 6:00,2016,1,13,6,12,�g/m�,1 Hr,Valid
Beijing,PM2.5,1/13/2016 7:00,2016,1,13,7,16,�g/m�,1 Hr,Valid
Beijing,PM2.5,1/13/2016 8:00,2016,1,13,8,24,�g/m�,1 Hr,Valid
Beijing,PM2.5,1/13/2016 9:00,2016,1,13,9,20,�g/m�,1 Hr,Valid
Beijing,PM2.5,1/13/2016 10:00,2016,1,13,10,23,�g/m�,1 Hr,Valid
Beijing,PM2.5,1/13/2016 11:00,2016,1,13,11,23,�g/m�,1 Hr,Valid
Beijing,PM2.5,1/13/2016 12:00,2016,1,13,12,15,�g/m�,1 Hr,Valid
Beijing,PM2.5,1/13/2016 13:00,2016,1,13,13,13,�g/m�,1 Hr,Valid
Beijing,PM2.5,1/13/2016 14:00,2016,1,13,14,15,�g/m�,1 Hr,Valid
Beijing,PM2.5,1/13/2016 15:00,2016,1,13,15,11,�g/m�,1 Hr,Valid
Beijing,PM2.5,1/13/2016 16:00,2016,1,13,16,18,�g/m�,1 Hr,Valid
Beijing,PM2.5,1/13/2016 17:00,2016,1,13,17,19,�g/m�,1 Hr,Valid
Beijing,PM2.5,1/13/2016 18:00,2016,1,13,18,29,�g/m�,1 Hr,Valid
Beijing,PM2.5,1/13/2016 19:00,2016,1,13,19,35,�g/m�,1 Hr,Valid
Beijing,PM2.5,1/13/2016 20:00,2016,1,13,20,36,�g/m�,1 Hr,Valid
Beijing,PM2.5,1/13/2016 21:00,2016,1,13,21,45,�g/m�,1 Hr,Valid
Beijing,PM2.5,1/13/2016 22:00,2016,1,13,22,48,�g/m�,1 Hr,Valid
Beijing,PM2.5,1/13/2016 23:00,2016,1,13,23,51,�g/m�,1 Hr,Valid
Beijing,PM2.5,1/14/2016 0:00,2016,1,14,0,44,�g/m�,1 Hr,Valid
Beijing,PM2.5,1/14/2016 1:00,2016,1,14,1,39,�g/m�,1 Hr,Valid
Beijing,PM2.5,1/14/2016 2:00,2016,1,14,2,38,�g/m�,1 Hr,Valid
Beijing,PM2.5,1/14/2016 3:00,2016,1,14,3,47,�g/m�,1 Hr,Valid
Beijing,PM2.5,1/14/2016 4:00,2016,1,14,4,41,�g/m�,1 Hr,Valid
Beijing,PM2.5,1/14/2016 5:00,2016,1,14,5,40,�g/m�,1 Hr,Valid
Beijing,PM2.5,1/14/2016 6:00,2016,1,14,6,32,�g/m�,1 Hr,Valid
Beijing,PM2.5,1/14/2016 7:00,2016,1,14,7,47,�g/m�,1 Hr,Valid
Beijing,PM2.5,1/14/2016 8:00,2016,1,14,8,78,�g/m�,1 Hr,Valid
Beijing,PM2.5,1/14/2016 9:00,2016,1,14,9,111,�g/m�,1 Hr,Valid
Beijing,PM2.5,1/14/2016 10:00,2016,1,14,10,132,�g/m�,1 Hr,Valid
Beijing,PM2.5,1/14/2016 11:00,2016,1,14,11,85,�g/m�,1 Hr,Valid
Beijing,PM2.5,1/14/2016 12:00,2016,1,14,12,84,�g/m�,1 Hr,Valid
Beijing,PM2.5,1/14/2016 13:00,2016,1,14,13,78,�g/m�,1 Hr,Valid
Beijing,PM2.5,1/14/2016 14:00,2016,1,14,14,47,�g/m�,1 Hr,Valid
Beijing,PM2.5,1/14/2016 15:00,2016,1,14,15,30,�g/m�,1 Hr,Valid
Beijing,PM2.5,1/14/2016 16:00,2016,1,14,16,29,�g/m�,1 Hr,Valid
Beijing,PM2.5,1/14/2016 17:00,2016,1,14,17,80,�g/m�,1 Hr,Valid
Beijing,PM2.5,1/14/2016 18:00,2016,1,14,18,90,�g/m�,1 Hr,Valid
Beijing,PM2.5,1/14/2016 19:00,2016,1,14,19,88,�g/m�,1 Hr,Valid
Beijing,PM2.5,1/14/2016 20:00,2016,1,14,20,95,�g/m�,1 Hr,Valid
Beijing,PM2.5,1/14/2016 21:00,2016,1,14,21,109,�g/m�,1 Hr,Valid
Beijing,PM2.5,1/14/2016 22:00,2016,1,14,22,120,�g/m�,1 Hr,Valid
Beijing,PM2.5,1/14/2016 23:00,2016,1,14,23,134,�g/m�,1 Hr,Valid
Beijing,PM2.5,1/15/2016 0:00,2016,1,15,0,150,�g/m�,1 Hr,Valid
Beijing,PM2.5,1/15/2016 1:00,2016,1,15,1,164,�g/m�,1 Hr,Valid
Beijing,PM2.5,1/15/2016 2:00,2016,1,15,2,159,�g/m�,1 Hr,Valid
Beijing,PM2.5,1/15/2016 3:00,2016,1,15,3,116,�g/m�,1 Hr,Valid
Beijing,PM2.5,1/15/2016 4:00,2016,1,15,4,126,�g/m�,1 Hr,Valid
Beijing,PM2.5,1/15/2016 5:00,2016,1,15,5,128,�g/m�,1 Hr,Valid
Beijing,PM2.5,1/15/2016 6:00,2016,1,15,6,132,�g/m�,1 Hr,Valid
Beijing,PM2.5,1/15/2016 7:00,2016,1,15,7,146,�g/m�,1 Hr,Valid
Beijing,PM2.5,1/15/2016 8:00,2016,1,15,8,82,�g/m�,1 Hr,Valid
Beijing,PM2.5,1/15/2016 9:00,2016,1,15,9,74,�g/m�,1 Hr,Valid
Beijing,PM2.5,1/15/2016 10:00,2016,1,15,10,63,�g/m�,1 Hr,Valid
Beijing,PM2.5,1/15/2016 11:00,2016,1,15,11,59,�g/m�,1 Hr,Valid
Beijing,PM2.5,1/15/2016 12:00,2016,1,15,12,50,�g/m�,1 Hr,Valid
Beijing,PM2.5,1/15/2016 13:00,2016,1,15,13,76,�g/m�,1 Hr,Valid
Beijing,PM2.5,1/15/2016 14:00,2016,1,15,14,86,�g/m�,1 Hr,Valid
Beijing,PM2.5,1/15/2016 15:00,2016,1,15,15,81,�g/m�,1 Hr,Valid
Beijing,PM2.5,1/15/2016 16:00,2016,1,15,16,88,�g/m�,1 Hr,Valid
Beijing,PM2.5,1/15/2016 17:00,2016,1,15,17,89,�g/m�,1 Hr,Valid
Beijing,PM2.5,1/15/2016 18:00,2016,1,15,18,102,�g/m�,1 Hr,Valid
Beijing,PM2.5,1/15/2016 19:00,2016,1,15,19,112,�g/m�,1 Hr,Valid
Beijing,PM2.5,1/15/2016 20:00,2016,1,15,20,115,�g/m�,1 Hr,Valid
Beijing,PM2.5,1/15/2016 21:00,2016,1,15,21,193,�g/m�,1 Hr,Valid
Beijing,PM2.5,1/15/2016 22:00,2016,1,15,22,230,�g/m�,1 Hr,Valid
Beijing,PM2.5,1/15/2016 23:00,2016,1,15,23,222,�g/m�,1 Hr,Valid
Beijing,PM2.5,1/16/2016 0:00,2016,1,16,0,155,�g/m�,1 Hr,Valid
Beijing,PM2.5,1/16/2016 1:00,2016,1,16,1,142,�g/m�,1 Hr,Valid
Beijing,PM2.5,1/16/2016 2:00,2016,1,16,2,117,�g/m�,1 Hr,Valid
Beijing,PM2.5,1/16/2016 3:00,2016,1,16,3,106,�g/m�,1 Hr,Valid
Beijing,PM2.5,1/16/2016 4:00,2016,1,16,4,94,�g/m�,1 Hr,Valid
Beijing,PM2.5,1/16/2016 5:00,2016,1,16,5,88,�g/m�,1 Hr,Valid
Beijing,PM2.5,1/16/2016 6:00,2016,1,16,6,82,�g/m�,1 Hr,Valid
Beijing,PM2.5,1/16/2016 7:00,2016,1,16,7,90,�g/m�,1 Hr,Valid
Beijing,PM2.5,1/16/2016 8:00,2016,1,16,8,93,�g/m�,1 Hr,Valid
Beijing,PM2.5,1/16/2016 9:00,2016,1,16,9,96,�g/m�,1 Hr,Valid
Beijing,PM2.5,1/16/2016 10:00,2016,1,16,10,108,�g/m�,1 Hr,Valid
Beijing,PM2.5,1/16/2016 11:00,2016,1,16,11,109,�g/m�,1 Hr,Valid
Beijing,PM2.5,1/16/2016 12:00,2016,1,16,12,93,�g/m�,1 Hr,Valid
Beijing,PM2.5,1/16/2016 13:00,2016,1,16,13,121,�g/m�,1 Hr,Valid
Beijing,PM2.5,1/16/2016 14:00,2016,1,16,14,112,�g/m�,1 Hr,Valid
Beijing,PM2.5,1/16/2016 15:00,2016,1,16,15,116,�g/m�,1 Hr,Valid
Beijing,PM2.5,1/16/2016 16:00,2016,1,16,16,141,�g/m�,1 Hr,Valid
Beijing,PM2.5,1/16/2016 17:00,2016,1,16,17,136,�g/m�,1 Hr,Valid
Beijing,PM2.5,1/16/2016 18:00,2016,1,16,18,139,�g/m�,1 Hr,Valid
Beijing,PM2.5,1/16/2016 19:00,2016,1,16,19,151,�g/m�,1 Hr,Valid
Beijing,PM2.5,1/16/2016 20:00,2016,1,16,20,144,�g/m�,1 Hr,Valid
Beijing,PM2.5,1/16/2016 21:00,2016,1,16,21,152,�g/m�,1 Hr,Valid
Beijing,PM2.5,1/16/2016 22:00,2016,1,16,22,149,�g/m�,1 Hr,Valid
Beijing,PM2.5,1/16/2016 23:00,2016,1,16,23,156,�g/m�,1 Hr,Valid
Beijing,PM2.5,1/17/2016 0:00,2016,1,17,0,154,�g/m�,1 Hr,Valid
Beijing,PM2.5,1/17/2016 1:00,2016,1,17,1,100,�g/m�,1 Hr,Valid
Beijing,PM2.5,1/17/2016 2:00,2016,1,17,2,70,�g/m�,1 Hr,Valid
Beijing,PM2.5,1/17/2016 3:00,2016,1,17,3,71,�g/m�,1 Hr,Valid
Beijing,PM2.5,1/17/2016 4:00,2016,1,17,4,34,�g/m�,1 Hr,Valid
Beijing,PM2.5,1/17/2016 5:00,2016,1,17,5,18,�g/m�,1 Hr,Valid
Beijing,PM2.5,1/17/2016 6:00,2016,1,17,6,20,�g/m�,1 Hr,Valid
Beijing,PM2.5,1/17/2016 7:00,2016,1,17,7,16,�g/m�,1 Hr,Valid
Beijing,PM2.5,1/17/2016 8:00,2016,1,17,8,16,�g/m�,1 Hr,Valid
Beijing,PM2.5,1/17/2016 9:00,2016,1,17,9,19,�g/m�,1 Hr,Valid
Beijing,PM2.5,1/17/2016 10:00,2016,1,17,10,20,�g/m�,1 Hr,Valid
Beijing,PM2.5,1/17/2016 11:00,2016,1,17,11,20,�g/m�,1 Hr,Valid
Beijing,PM2.5,1/17/2016 12:00,2016,1,17,12,13,�g/m�,1 Hr,Valid
Beijing,PM2.5,1/17/2016 13:00,2016,1,17,13,13,�g/m�,1 Hr,Valid
Beijing,PM2.5,1/17/2016 14:00,2016,1,17,14,16,�g/m�,1 Hr,Valid
Beijing,PM2.5,1/17/2016 15:00,2016,1,17,15,13,�g/m�,1 Hr,Valid
Beijing,PM2.5,1/17/2016 16:00,2016,1,17,16,13,�g/m�,1 Hr,Valid
Beijing,PM2.5,1/17/2016 17:00,2016,1,17,17,17,�g/m�,1 Hr,Valid
Beijing,PM2.5,1/17/2016 18:00,2016,1,17,18,14,�g/m�,1 Hr,Valid
Beijing,PM2.5,1/17/2016 19:00,2016,1,17,19,16,�g/m�,1 Hr,Valid
Beijing,PM2.5,1/17/2016 20:00,2016,1,17,20,21,�g/m�,1 Hr,Valid
Beijing,PM2.5,1/17/2016 21:00,2016,1,17,21,19,�g/m�,1 Hr,Valid
Beijing,PM2.5,1/17/2016 22:00,2016,1,17,22,22,�g/m�,1 Hr,Valid
Beijing,PM2.5,1/17/2016 23:00,2016,1,17,23,11,�g/m�,1 Hr,Valid
Beijing,PM2.5,1/18/2016 0:00,2016,1,18,0,7,�g/m�,1 Hr,Valid
Beijing,PM2.5,1/18/2016 1:00,2016,1,18,1,6,�g/m�,1 Hr,Valid
Beijing,PM2.5,1/18/2016 2:00,2016,1,18,2,6,�g/m�,1 Hr,Valid
Beijing,PM2.5,1/18/2016 3:00,2016,1,18,3,4,�g/m�,1 Hr,Valid
Beijing,PM2.5,1/18/2016 4:00,2016,1,18,4,2,�g/m�,1 Hr,Valid
Beijing,PM2.5,1/18/2016 5:00,2016,1,18,5,9,�g/m�,1 Hr,Valid
Beijing,PM2.5,1/18/2016 6:00,2016,1,18,6,7,�g/m�,1 Hr,Valid
Beijing,PM2.5,1/18/2016 7:00,2016,1,18,7,10,�g/m�,1 Hr,Valid
Beijing,PM2.5,1/18/2016 8:00,2016,1,18,8,10,�g/m�,1 Hr,Valid
Beijing,PM2.5,1/18/2016 9:00,2016,1,18,9,7,�g/m�,1 Hr,Valid
Beijing,PM2.5,1/18/2016 10:00,2016,1,18,10,8,�g/m�,1 Hr,Valid
Beijing,PM2.5,1/18/2016 11:00,2016,1,18,11,8,�g/m�,1 Hr,Valid
Beijing,PM2.5,1/18/2016 12:00,2016,1,18,12,7,�g/m�,1 Hr,Valid
Beijing,PM2.5,1/18/2016 13:00,2016,1,18,13,10,�g/m�,1 Hr,Valid
Beijing,PM2.5,1/18/2016 14:00,2016,1,18,14,16,�g/m�,1 Hr,Valid
Beijing,PM2.5,1/18/2016 15:00,2016,1,18,15,8,�g/m�,1 Hr,Valid
Beijing,PM2.5,1/18/2016 16:00,2016,1,18,16,6,�g/m�,1 Hr,Valid
Beijing,PM2.5,1/18/2016 17:00,2016,1,18,17,8,�g/m�,1 Hr,Valid
Beijing,PM2.5,1/18/2016 18:00,2016,1,18,18,15,�g/m�,1 Hr,Valid
Beijing,PM2.5,1/18/2016 19:00,2016,1,18,19,14,�g/m�,1 Hr,Valid
Beijing,PM2.5,1/18/2016 20:00,2016,1,18,20,16,�g/m�,1 Hr,Valid
Beijing,PM2.5,1/18/2016 21:00,2016,1,18,21,19,�g/m�,1 Hr,Valid
Beijing,PM2.5,1/18/2016 22:00,2016,1,18,22,21,�g/m�,1 Hr,Valid
Beijing,PM2.5,1/18/2016 23:00,2016,1,18,23,25,�g/m�,1 Hr,Valid
Beijing,PM2.5,1/19/2016 0:00,2016,1,19,0,31,�g/m�,1 Hr,Valid
Beijing,PM2.5,1/19/2016 1:00,2016,1,19,1,20,�g/m�,1 Hr,Valid
Beijing,PM2.5,1/19/2016 2:00,2016,1,19,2,32,�g/m�,1 Hr,Valid
Beijing,PM2.5,1/19/2016 3:00,2016,1,19,3,30,�g/m�,1 Hr,Valid
Beijing,PM2.5,1/19/2016 4:00,2016,1,19,4,19,�g/m�,1 Hr,Valid
Beijing,PM2.5,1/19/2016 5:00,2016,1,19,5,45,�g/m�,1 Hr,Valid
Beijing,PM2.5,1/19/2016 6:00,2016,1,19,6,32,�g/m�,1 Hr,Valid
Beijing,PM2.5,1/19/2016 7:00,2016,1,19,7,32,�g/m�,1 Hr,Valid
Beijing,PM2.5,1/19/2016 8:00,2016,1,19,8,26,�g/m�,1 Hr,Valid
Beijing,PM2.5,1/19/2016 9:00,2016,1,19,9,36,�g/m�,1 Hr,Valid
Beijing,PM2.5,1/19/2016 10:00,2016,1,19,10,-999,�g/m�,1 Hr,Missing
Beijing,PM2.5,1/19/2016 11:00,2016,1,19,11,90,�g/m�,1 Hr,Valid
Beijing,PM2.5,1/19/2016 12:00,2016,1,19,12,101,�g/m�,1 Hr,Valid
Beijing,PM2.5,1/19/2016 13:00,2016,1,19,13,124,�g/m�,1 Hr,Valid
Beijing,PM2.5,1/19/2016 14:00,2016,1,19,14,76,�g/m�,1 Hr,Valid
Beijing,PM2.5,1/19/2016 15:00,2016,1,19,15,77,�g/m�,1 Hr,Valid
Beijing,PM2.5,1/19/2016 16:00,2016,1,19,16,62,�g/m�,1 Hr,Valid
Beijing,PM2.5,1/19/2016 17:00,2016,1,19,17,64,�g/m�,1 Hr,Valid
Beijing,PM2.5,1/19/2016 18:00,2016,1,19,18,80,�g/m�,1 Hr,Valid
Beijing,PM2.5,1/19/2016 19:00,2016,1,19,19,92,�g/m�,1 Hr,Valid
Beijing,PM2.5,1/19/2016 20:00,2016,1,19,20,98,�g/m�,1 Hr,Valid
Beijing,PM2.5,1/19/2016 21:00,2016,1,19,21,128,�g/m�,1 Hr,Valid
Beijing,PM2.5,1/19/2016 22:00,2016,1,19,22,127,�g/m�,1 Hr,Valid
Beijing,PM2.5,1/19/2016 23:00,2016,1,19,23,143,�g/m�,1 Hr,Valid
Beijing,PM2.5,1/20/2016 0:00,2016,1,20,0,171,�g/m�,1 Hr,Valid
Beijing,PM2.5,1/20/2016 1:00,2016,1,20,1,193,�g/m�,1 Hr,Valid
Beijing,PM2.5,1/20/2016 2:00,2016,1,20,2,181,�g/m�,1 Hr,Valid
Beijing,PM2.5,1/20/2016 3:00,2016,1,20,3,146,�g/m�,1 Hr,Valid
Beijing,PM2.5,1/20/2016 4:00,2016,1,20,4,130,�g/m�,1 Hr,Valid
Beijing,PM2.5,1/20/2016 5:00,2016,1,20,5,135,�g/m�,1 Hr,Valid
Beijing,PM2.5,1/20/2016 6:00,2016,1,20,6,143,�g/m�,1 Hr,Valid
Beijing,PM2.5,1/20/2016 7:00,2016,1,20,7,132,�g/m�,1 Hr,Valid
Beijing,PM2.5,1/20/2016 8:00,2016,1,20,8,125,�g/m�,1 Hr,Valid
Beijing,PM2.5,1/20/2016 9:00,2016,1,20,9,132,�g/m�,1 Hr,Valid
Beijing,PM2.5,1/20/2016 10:00,2016,1,20,10,144,�g/m�,1 Hr,Valid
Beijing,PM2.5,1/20/2016 11:00,2016,1,20,11,138,�g/m�,1 Hr,Valid
Beijing,PM2.5,1/20/2016 12:00,2016,1,20,12,158,�g/m�,1 Hr,Valid
Beijing,PM2.5,1/20/2016 13:00,2016,1,20,13,158,�g/m�,1 Hr,Valid
Beijing,PM2.5,1/20/2016 14:00,2016,1,20,14,140,�g/m�,1 Hr,Valid
Beijing,PM2.5,1/20/2016 15:00,2016,1,20,15,141,�g/m�,1 Hr,Valid
Beijing,PM2.5,1/20/2016 16:00,2016,1,20,16,135,�g/m�,1 Hr,Valid
Beijing,PM2.5,1/20/2016 17:00,2016,1,20,17,141,�g/m�,1 Hr,Valid
Beijing,PM2.5,1/20/2016 18:00,2016,1,20,18,163,�g/m�,1 Hr,Valid
Beijing,PM2.5,1/20/2016 19:00,2016,1,20,19,161,�g/m�,1 Hr,Valid
Beijing,PM2.5,1/20/2016 20:00,2016,1,20,20,185,�g/m�,1 Hr,Valid
Beijing,PM2.5,1/20/2016 21:00,2016,1,20,21,205,�g/m�,1 Hr,Valid
Beijing,PM2.5,1/20/2016 22:00,2016,1,20,22,193,�g/m�,1 Hr,Valid
Beijing,PM2.5,1/20/2016 23:00,2016,1,20,23,165,�g/m�,1 Hr,Valid
Beijing,PM2.5,1/21/2016 0:00,2016,1,21,0,134,�g/m�,1 Hr,Valid
Beijing,PM2.5,1/21/2016 1:00,2016,1,21,1,118,�g/m�,1 Hr,Valid
Beijing,PM2.5,1/21/2016 2:00,2016,1,21,2,114,�g/m�,1 Hr,Valid
Beijing,PM2.5,1/21/2016 3:00,2016,1,21,3,112,�g/m�,1 Hr,Valid
Beijing,PM2.5,1/21/2016 4:00,2016,1,21,4,106,�g/m�,1 Hr,Valid
Beijing,PM2.5,1/21/2016 5:00,2016,1,21,5,97,�g/m�,1 Hr,Valid
Beijing,PM2.5,1/21/2016 6:00,2016,1,21,6,90,�g/m�,1 Hr,Valid
Beijing,PM2.5,1/21/2016 7:00,2016,1,21,7,96,�g/m�,1 Hr,Valid
Beijing,PM2.5,1/21/2016 8:00,2016,1,21,8,101,�g/m�,1 Hr,Valid
Beijing,PM2.5,1/21/2016 9:00,2016,1,21,9,131,�g/m�,1 Hr,Valid
Beijing,PM2.5,1/21/2016 10:00,2016,1,21,10,159,�g/m�,1 Hr,Valid
Beijing,PM2.5,1/21/2016 11:00,2016,1,21,11,158,�g/m�,1 Hr,Valid
Beijing,PM2.5,1/21/2016 12:00,2016,1,21,12,156,�g/m�,1 Hr,Valid
Beijing,PM2.5,1/21/2016 13:00,2016,1,21,13,158,�g/m�,1 Hr,Valid
Beijing,PM2.5,1/21/2016 14:00,2016,1,21,14,152,�g/m�,1 Hr,Valid
Beijing,PM2.5,1/21/2016 15:00,2016,1,21,15,146,�g/m�,1 Hr,Valid
Beijing,PM2.5,1/21/2016 16:00,2016,1,21,16,165,�g/m�,1 Hr,Valid
Beijing,PM2.5,1/21/2016 17:00,2016,1,21,17,167,�g/m�,1 Hr,Valid
Beijing,PM2.5,1/21/2016 18:00,2016,1,21,18,148,�g/m�,1 Hr,Valid
Beijing,PM2.5,1/21/2016 19:00,2016,1,21,19,160,�g/m�,1 Hr,Valid
Beijing,PM2.5,1/21/2016 20:00,2016,1,21,20,162,�g/m�,1 Hr,Valid
Beijing,PM2.5,1/21/2016 21:00,2016,1,21,21,185,�g/m�,1 Hr,Valid
Beijing,PM2.5,1/21/2016 22:00,2016,1,21,22,179,�g/m�,1 Hr,Valid
Beijing,PM2.5,1/21/2016 23:00,2016,1,21,23,150,�g/m�,1 Hr,Valid
Beijing,PM2.5,1/22/2016 0:00,2016,1,22,0,133,�g/m�,1 Hr,Valid
Beijing,PM2.5,1/22/2016 1:00,2016,1,22,1,12,�g/m�,1 Hr,Valid
Beijing,PM2.5,1/22/2016 2:00,2016,1,22,2,10,�g/m�,1 Hr,Valid
Beijing,PM2.5,1/22/2016 3:00,2016,1,22,3,12,�g/m�,1 Hr,Valid
Beijing,PM2.5,1/22/2016 4:00,2016,1,22,4,9,�g/m�,1 Hr,Valid
Beijing,PM2.5,1/22/2016 5:00,2016,1,22,5,7,�g/m�,1 Hr,Valid
Beijing,PM2.5,1/22/2016 6:00,2016,1,22,6,7,�g/m�,1 Hr,Valid
Beijing,PM2.5,1/22/2016 7:00,2016,1,22,7,6,�g/m�,1 Hr,Valid
Beijing,PM2.5,1/22/2016 8:00,2016,1,22,8,8,�g/m�,1 Hr,Valid
Beijing,PM2.5,1/22/2016 9:00,2016,1,22,9,9,�g/m�,1 Hr,Valid
Beijing,PM2.5,1/22/2016 10:00,2016,1,22,10,8,�g/m�,1 Hr,Valid
Beijing,PM2.5,1/22/2016 11:00,2016,1,22,11,6,�g/m�,1 Hr,Valid
Beijing,PM2.5,1/22/2016 12:00,2016,1,22,12,11,�g/m�,1 Hr,Valid
Beijing,PM2.5,1/22/2016 13:00,2016,1,22,13,8,�g/m�,1 Hr,Valid
Beijing,PM2.5,1/22/2016 14:00,2016,1,22,14,7,�g/m�,1 Hr,Valid
Beijing,PM2.5,1/22/2016 15:00,2016,1,22,15,8,�g/m�,1 Hr,Valid
Beijing,PM2.5,1/22/2016 16:00,2016,1,22,16,8,�g/m�,1 Hr,Valid
Beijing,PM2.5,1/22/2016 17:00,2016,1,22,17,10,�g/m�,1 Hr,Valid
Beijing,PM2.5,1/22/2016 18:00,2016,1,22,18,8,�g/m�,1 Hr,Valid
Beijing,PM2.5,1/22/2016 19:00,2016,1,22,19,13,�g/m�,1 Hr,Valid
Beijing,PM2.5,1/22/2016 20:00,2016,1,22,20,10,�g/m�,1 Hr,Valid
Beijing,PM2.5,1/22/2016 21:00,2016,1,22,21,8,�g/m�,1 Hr,Valid
Beijing,PM2.5,1/22/2016 22:00,2016,1,22,22,11,�g/m�,1 Hr,Valid
Beijing,PM2.5,1/22/2016 23:00,2016,1,22,23,20,�g/m�,1 Hr,Valid
Beijing,PM2.5,1/23/2016 0:00,2016,1,23,0,22,�g/m�,1 Hr,Valid
Beijing,PM2.5,1/23/2016 1:00,2016,1,23,1,25,�g/m�,1 Hr,Valid
Beijing,PM2.5,1/23/2016 2:00,2016,1,23,2,27,�g/m�,1 Hr,Valid
Beijing,PM2.5,1/23/2016 3:00,2016,1,23,3,15,�g/m�,1 Hr,Valid
Beijing,PM2.5,1/23/2016 4:00,2016,1,23,4,8,�g/m�,1 Hr,Valid
Beijing,PM2.5,1/23/2016 5:00,2016,1,23,5,6,�g/m�,1 Hr,Valid
Beijing,PM2.5,1/23/2016 6:00,2016,1,23,6,8,�g/m�,1 Hr,Valid
Beijing,PM2.5,1/23/2016 7:00,2016,1,23,7,10,�g/m�,1 Hr,Valid
Beijing,PM2.5,1/23/2016 8:00,2016,1,23,8,8,�g/m�,1 Hr,Valid
Beijing,PM2.5,1/23/2016 9:00,2016,1,23,9,14,�g/m�,1 Hr,Valid
Beijing,PM2.5,1/23/2016 10:00,2016,1,23,10,12,�g/m�,1 Hr,Valid
Beijing,PM2.5,1/23/2016 11:00,2016,1,23,11,8,�g/m�,1 Hr,Valid
Beijing,PM2.5,1/23/2016 12:00,2016,1,23,12,11,�g/m�,1 Hr,Valid
Beijing,PM2.5,1/23/2016 13:00,2016,1,23,13,12,�g/m�,1 Hr,Valid
Beijing,PM2.5,1/23/2016 14:00,2016,1,23,14,8,�g/m�,1 Hr,Valid
Beijing,PM2.5,1/23/2016 15:00,2016,1,23,15,9,�g/m�,1 Hr,Valid
Beijing,PM2.5,1/23/2016 16:00,2016,1,23,16,9,�g/m�,1 Hr,Valid
Beijing,PM2.5,1/23/2016 17:00,2016,1,23,17,12,�g/m�,1 Hr,Valid
Beijing,PM2.5,1/23/2016 18:00,2016,1,23,18,14,�g/m�,1 Hr,Valid
Beijing,PM2.5,1/23/2016 19:00,2016,1,23,19,9,�g/m�,1 Hr,Valid
Beijing,PM2.5,1/23/2016 20:00,2016,1,23,20,9,�g/m�,1 Hr,Valid
Beijing,PM2.5,1/23/2016 21:00,2016,1,23,21,9,�g/m�,1 Hr,Valid
Beijing,PM2.5,1/23/2016 22:00,2016,1,23,22,13,�g/m�,1 Hr,Valid
Beijing,PM2.5,1/23/2016 23:00,2016,1,23,23,12,�g/m�,1 Hr,Valid
Beijing,PM2.5,1/24/2016 0:00,2016,1,24,0,11,�g/m�,1 Hr,Valid
Beijing,PM2.5,1/24/2016 1:00,2016,1,24,1,9,�g/m�,1 Hr,Valid
Beijing,PM2.5,1/24/2016 2:00,2016,1,24,2,5,�g/m�,1 Hr,Valid
Beijing,PM2.5,1/24/2016 3:00,2016,1,24,3,7,�g/m�,1 Hr,Valid
Beijing,PM2.5,1/24/2016 4:00,2016,1,24,4,9,�g/m�,1 Hr,Valid
Beijing,PM2.5,1/24/2016 5:00,2016,1,24,5,7,�g/m�,1 Hr,Valid
Beijing,PM2.5,1/24/2016 6:00,2016,1,24,6,6,�g/m�,1 Hr,Valid
Beijing,PM2.5,1/24/2016 7:00,2016,1,24,7,7,�g/m�,1 Hr,Valid
Beijing,PM2.5,1/24/2016 8:00,2016,1,24,8,6,�g/m�,1 Hr,Valid
Beijing,PM2.5,1/24/2016 9:00,2016,1,24,9,14,�g/m�,1 Hr,Valid
Beijing,PM2.5,1/24/2016 10:00,2016,1,24,10,16,�g/m�,1 Hr,Valid
Beijing,PM2.5,1/24/2016 11:00,2016,1,24,11,13,�g/m�,1 Hr,Valid
Beijing,PM2.5,1/24/2016 12:00,2016,1,24,12,10,�g/m�,1 Hr,Valid
Beijing,PM2.5,1/24/2016 13:00,2016,1,24,13,11,�g/m�,1 Hr,Valid
Beijing,PM2.5,1/24/2016 14:00,2016,1,24,14,15,�g/m�,1 Hr,Valid
Beijing,PM2.5,1/24/2016 15:00,2016,1,24,15,10,�g/m�,1 Hr,Valid
Beijing,PM2.5,1/24/2016 16:00,2016,1,24,16,12,�g/m�,1 Hr,Valid
Beijing,PM2.5,1/24/2016 17:00,2016,1,24,17,20,�g/m�,1 Hr,Valid
Beijing,PM2.5,1/24/2016 18:00,2016,1,24,18,18,�g/m�,1 Hr,Valid
Beijing,PM2.5,1/24/2016 19:00,2016,1,24,19,19,�g/m�,1 Hr,Valid
Beijing,PM2.5,1/24/2016 20:00,2016,1,24,20,26,�g/m�,1 Hr,Valid
Beijing,PM2.5,1/24/2016 21:00,2016,1,24,21,22,�g/m�,1 Hr,Valid
Beijing,PM2.5,1/24/2016 22:00,2016,1,24,22,21,�g/m�,1 Hr,Valid
Beijing,PM2.5,1/24/2016 23:00,2016,1,24,23,19,�g/m�,1 Hr,Valid
Beijing,PM2.5,1/25/2016 0:00,2016,1,25,0,13,�g/m�,1 Hr,Valid
Beijing,PM2.5,1/25/2016 1:00,2016,1,25,1,14,�g/m�,1 Hr,Valid
Beijing,PM2.5,1/25/2016 2:00,2016,1,25,2,19,�g/m�,1 Hr,Valid
Beijing,PM2.5,1/25/2016 3:00,2016,1,25,3,13,�g/m�,1 Hr,Valid
Beijing,PM2.5,1/25/2016 4:00,2016,1,25,4,12,�g/m�,1 Hr,Valid
Beijing,PM2.5,1/25/2016 5:00,2016,1,25,5,14,�g/m�,1 Hr,Valid
Beijing,PM2.5,1/25/2016 6:00,2016,1,25,6,14,�g/m�,1 Hr,Valid
Beijing,PM2.5,1/25/2016 7:00,2016,1,25,7,15,�g/m�,1 Hr,Valid
Beijing,PM2.5,1/25/2016 8:00,2016,1,25,8,20,�g/m�,1 Hr,Valid
Beijing,PM2.5,1/25/2016 9:00,2016,1,25,9,14,�g/m�,1 Hr,Valid
Beijing,PM2.5,1/25/2016 10:00,2016,1,25,10,21,�g/m�,1 Hr,Valid
Beijing,PM2.5,1/25/2016 11:00,2016,1,25,11,12,�g/m�,1 Hr,Valid
Beijing,PM2.5,1/25/2016 12:00,2016,1,25,12,17,�g/m�,1 Hr,Valid
Beijing,PM2.5,1/25/2016 13:00,2016,1,25,13,18,�g/m�,1 Hr,Valid
Beijing,PM2.5,1/25/2016 14:00,2016,1,25,14,17,�g/m�,1 Hr,Valid
Beijing,PM2.5,1/25/2016 15:00,2016,1,25,15,16,�g/m�,1 Hr,Valid
Beijing,PM2.5,1/25/2016 16:00,2016,1,25,16,14,�g/m�,1 Hr,Valid
Beijing,PM2.5,1/25/2016 17:00,2016,1,25,17,22,�g/m�,1 Hr,Valid
Beijing,PM2.5,1/25/2016 18:00,2016,1,25,18,31,�g/m�,1 Hr,Valid
Beijing,PM2.5,1/25/2016 19:00,2016,1,25,19,37,�g/m�,1 Hr,Valid
Beijing,PM2.5,1/25/2016 20:00,2016,1,25,20,40,�g/m�,1 Hr,Valid
Beijing,PM2.5,1/25/2016 21:00,2016,1,25,21,40,�g/m�,1 Hr,Valid
Beijing,PM2.5,1/25/2016 22:00,2016,1,25,22,45,�g/m�,1 Hr,Valid
Beijing,PM2.5,1/25/2016 23:00,2016,1,25,23,42,�g/m�,1 Hr,Valid
Beijing,PM2.5,1/26/2016 0:00,2016,1,26,0,29,�g/m�,1 Hr,Valid
Beijing,PM2.5,1/26/2016 1:00,2016,1,26,1,22,�g/m�,1 Hr,Valid
Beijing,PM2.5,1/26/2016 2:00,2016,1,26,2,20,�g/m�,1 Hr,Valid
Beijing,PM2.5,1/26/2016 3:00,2016,1,26,3,17,�g/m�,1 Hr,Valid
Beijing,PM2.5,1/26/2016 4:00,2016,1,26,4,14,�g/m�,1 Hr,Valid
Beijing,PM2.5,1/26/2016 5:00,2016,1,26,5,17,�g/m�,1 Hr,Valid
Beijing,PM2.5,1/26/2016 6:00,2016,1,26,6,20,�g/m�,1 Hr,Valid
Beijing,PM2.5,1/26/2016 7:00,2016,1,26,7,23,�g/m�,1 Hr,Valid
Beijing,PM2.5,1/26/2016 8:00,2016,1,26,8,19,�g/m�,1 Hr,Valid
Beijing,PM2.5,1/26/2016 9:00,2016,1,26,9,23,�g/m�,1 Hr,Valid
Beijing,PM2.5,1/26/2016 10:00,2016,1,26,10,21,�g/m�,1 Hr,Valid
Beijing,PM2.5,1/26/2016 11:00,2016,1,26,11,15,�g/m�,1 Hr,Valid
Beijing,PM2.5,1/26/2016 12:00,2016,1,26,12,16,�g/m�,1 Hr,Valid
Beijing,PM2.5,1/26/2016 13:00,2016,1,26,13,16,�g/m�,1 Hr,Valid
Beijing,PM2.5,1/26/2016 14:00,2016,1,26,14,18,�g/m�,1 Hr,Valid
Beijing,PM2.5,1/26/2016 15:00,2016,1,26,15,23,�g/m�,1 Hr,Valid
Beijing,PM2.5,1/26/2016 16:00,2016,1,26,16,22,�g/m�,1 Hr,Valid
Beijing,PM2.5,1/26/2016 17:00,2016,1,26,17,27,�g/m�,1 Hr,Valid
Beijing,PM2.5,1/26/2016 18:00,2016,1,26,18,30,�g/m�,1 Hr,Valid
Beijing,PM2.5,1/26/2016 19:00,2016,1,26,19,36,�g/m�,1 Hr,Valid
Beijing,PM2.5,1/26/2016 20:00,2016,1,26,20,90,�g/m�,1 Hr,Valid
Beijing,PM2.5,1/26/2016 21:00,2016,1,26,21,104,�g/m�,1 Hr,Valid
Beijing,PM2.5,1/26/2016 22:00,2016,1,26,22,105,�g/m�,1 Hr,Valid
Beijing,PM2.5,1/26/2016 23:00,2016,1,26,23,115,�g/m�,1 Hr,Valid
Beijing,PM2.5,1/27/2016 0:00,2016,1,27,0,121,�g/m�,1 Hr,Valid
Beijing,PM2.5,1/27/2016 1:00,2016,1,27,1,111,�g/m�,1 Hr,Valid
Beijing,PM2.5,1/27/2016 2:00,2016,1,27,2,123,�g/m�,1 Hr,Valid
Beijing,PM2.5,1/27/2016 3:00,2016,1,27,3,134,�g/m�,1 Hr,Valid
Beijing,PM2.5,1/27/2016 4:00,2016,1,27,4,119,�g/m�,1 Hr,Valid
Beijing,PM2.5,1/27/2016 5:00,2016,1,27,5,102,�g/m�,1 Hr,Valid
Beijing,PM2.5,1/27/2016 6:00,2016,1,27,6,88,�g/m�,1 Hr,Valid
Beijing,PM2.5,1/27/2016 7:00,2016,1,27,7,70,�g/m�,1 Hr,Valid
Beijing,PM2.5,1/27/2016 8:00,2016,1,27,8,58,�g/m�,1 Hr,Valid
Beijing,PM2.5,1/27/2016 9:00,2016,1,27,9,50,�g/m�,1 Hr,Valid
Beijing,PM2.5,1/27/2016 10:00,2016,1,27,10,54,�g/m�,1 Hr,Valid
Beijing,PM2.5,1/27/2016 11:00,2016,1,27,11,33,�g/m�,1 Hr,Valid
Beijing,PM2.5,1/27/2016 12:00,2016,1,27,12,54,�g/m�,1 Hr,Valid
Beijing,PM2.5,1/27/2016 13:00,2016,1,27,13,67,�g/m�,1 Hr,Valid
Beijing,PM2.5,1/27/2016 14:00,2016,1,27,14,87,�g/m�,1 Hr,Valid
Beijing,PM2.5,1/27/2016 15:00,2016,1,27,15,126,�g/m�,1 Hr,Valid
Beijing,PM2.5,1/27/2016 16:00,2016,1,27,16,143,�g/m�,1 Hr,Valid
Beijing,PM2.5,1/27/2016 17:00,2016,1,27,17,137,�g/m�,1 Hr,Valid
Beijing,PM2.5,1/27/2016 18:00,2016,1,27,18,139,�g/m�,1 Hr,Valid
Beijing,PM2.5,1/27/2016 19:00,2016,1,27,19,159,�g/m�,1 Hr,Valid
Beijing,PM2.5,1/27/2016 20:00,2016,1,27,20,170,�g/m�,1 Hr,Valid
Beijing,PM2.5,1/27/2016 21:00,2016,1,27,21,206,�g/m�,1 Hr,Valid
Beijing,PM2.5,1/27/2016 22:00,2016,1,27,22,227,�g/m�,1 Hr,Valid
Beijing,PM2.5,1/27/2016 23:00,2016,1,27,23,309,�g/m�,1 Hr,Valid
Beijing,PM2.5,1/28/2016 0:00,2016,1,28,0,344,�g/m�,1 Hr,Valid
Beijing,PM2.5,1/28/2016 1:00,2016,1,28,1,280,�g/m�,1 Hr,Valid
Beijing,PM2.5,1/28/2016 2:00,2016,1,28,2,256,�g/m�,1 Hr,Valid
Beijing,PM2.5,1/28/2016 3:00,2016,1,28,3,241,�g/m�,1 Hr,Valid
Beijing,PM2.5,1/28/2016 4:00,2016,1,28,4,164,�g/m�,1 Hr,Valid
Beijing,PM2.5,1/28/2016 5:00,2016,1,28,5,132,�g/m�,1 Hr,Valid
Beijing,PM2.5,1/28/2016 6:00,2016,1,28,6,149,�g/m�,1 Hr,Valid
Beijing,PM2.5,1/28/2016 7:00,2016,1,28,7,145,�g/m�,1 Hr,Valid
Beijing,PM2.5,1/28/2016 8:00,2016,1,28,8,129,�g/m�,1 Hr,Valid
Beijing,PM2.5,1/28/2016 9:00,2016,1,28,9,124,�g/m�,1 Hr,Valid
Beijing,PM2.5,1/28/2016 10:00,2016,1,28,10,140,�g/m�,1 Hr,Valid
Beijing,PM2.5,1/28/2016 11:00,2016,1,28,11,140,�g/m�,1 Hr,Valid
Beijing,PM2.5,1/28/2016 12:00,2016,1,28,12,126,�g/m�,1 Hr,Valid
Beijing,PM2.5,1/28/2016 13:00,2016,1,28,13,95,�g/m�,1 Hr,Valid
Beijing,PM2.5,1/28/2016 14:00,2016,1,28,14,80,�g/m�,1 Hr,Valid
Beijing,PM2.5,1/28/2016 15:00,2016,1,28,15,74,�g/m�,1 Hr,Valid
Beijing,PM2.5,1/28/2016 16:00,2016,1,28,16,71,�g/m�,1 Hr,Valid
Beijing,PM2.5,1/28/2016 17:00,2016,1,28,17,64,�g/m�,1 Hr,Valid
Beijing,PM2.5,1/28/2016 18:00,2016,1,28,18,94,�g/m�,1 Hr,Valid
Beijing,PM2.5,1/28/2016 19:00,2016,1,28,19,121,�g/m�,1 Hr,Valid
Beijing,PM2.5,1/28/2016 20:00,2016,1,28,20,148,�g/m�,1 Hr,Valid
Beijing,PM2.5,1/28/2016 21:00,2016,1,28,21,184,�g/m�,1 Hr,Valid
Beijing,PM2.5,1/28/2016 22:00,2016,1,28,22,181,�g/m�,1 Hr,Valid
Beijing,PM2.5,1/28/2016 23:00,2016,1,28,23,104,�g/m�,1 Hr,Valid
Beijing,PM2.5,1/29/2016 0:00,2016,1,29,0,87,�g/m�,1 Hr,Valid
Beijing,PM2.5,1/29/2016 1:00,2016,1,29,1,82,�g/m�,1 Hr,Valid
Beijing,PM2.5,1/29/2016 2:00,2016,1,29,2,71,�g/m�,1 Hr,Valid
Beijing,PM2.5,1/29/2016 3:00,2016,1,29,3,57,�g/m�,1 Hr,Valid
Beijing,PM2.5,1/29/2016 4:00,2016,1,29,4,61,�g/m�,1 Hr,Valid
Beijing,PM2.5,1/29/2016 5:00,2016,1,29,5,63,�g/m�,1 Hr,Valid
Beijing,PM2.5,1/29/2016 6:00,2016,1,29,6,65,�g/m�,1 Hr,Valid
Beijing,PM2.5,1/29/2016 7:00,2016,1,29,7,70,�g/m�,1 Hr,Valid
Beijing,PM2.5,1/29/2016 8:00,2016,1,29,8,73,�g/m�,1 Hr,Valid
Beijing,PM2.5,1/29/2016 9:00,2016,1,29,9,76,�g/m�,1 Hr,Valid
Beijing,PM2.5,1/29/2016 10:00,2016,1,29,10,77,�g/m�,1 Hr,Valid
Beijing,PM2.5,1/29/2016 11:00,2016,1,29,11,70,�g/m�,1 Hr,Valid
Beijing,PM2.5,1/29/2016 12:00,2016,1,29,12,65,�g/m�,1 Hr,Valid
Beijing,PM2.5,1/29/2016 13:00,2016,1,29,13,50,�g/m�,1 Hr,Valid
Beijing,PM2.5,1/29/2016 14:00,2016,1,29,14,51,�g/m�,1 Hr,Valid
Beijing,PM2.5,1/29/2016 15:00,2016,1,29,15,45,�g/m�,1 Hr,Valid
Beijing,PM2.5,1/29/2016 16:00,2016,1,29,16,51,�g/m�,1 Hr,Valid
Beijing,PM2.5,1/29/2016 17:00,2016,1,29,17,49,�g/m�,1 Hr,Valid
Beijing,PM2.5,1/29/2016 18:00,2016,1,29,18,42,�g/m�,1 Hr,Valid
Beijing,PM2.5,1/29/2016 19:00,2016,1,29,19,50,�g/m�,1 Hr,Valid
Beijing,PM2.5,1/29/2016 20:00,2016,1,29,20,62,�g/m�,1 Hr,Valid
Beijing,PM2.5,1/29/2016 21:00,2016,1,29,21,53,�g/m�,1 Hr,Valid
Beijing,PM2.5,1/29/2016 22:00,2016,1,29,22,38,�g/m�,1 Hr,Valid
Beijing,PM2.5,1/29/2016 23:00,2016,1,29,23,39,�g/m�,1 Hr,Valid
Beijing,PM2.5,1/30/2016 0:00,2016,1,30,0,29,�g/m�,1 Hr,Valid
Beijing,PM2.5,1/30/2016 1:00,2016,1,30,1,37,�g/m�,1 Hr,Valid
Beijing,PM2.5,1/30/2016 2:00,2016,1,30,2,29,�g/m�,1 Hr,Valid
Beijing,PM2.5,1/30/2016 3:00,2016,1,30,3,33,�g/m�,1 Hr,Valid
Beijing,PM2.5,1/30/2016 4:00,2016,1,30,4,55,�g/m�,1 Hr,Valid
Beijing,PM2.5,1/30/2016 5:00,2016,1,30,5,104,�g/m�,1 Hr,Valid
Beijing,PM2.5,1/30/2016 6:00,2016,1,30,6,85,�g/m�,1 Hr,Valid
Beijing,PM2.5,1/30/2016 7:00,2016,1,30,7,115,�g/m�,1 Hr,Valid
Beijing,PM2.5,1/30/2016 8:00,2016,1,30,8,71,�g/m�,1 Hr,Valid
Beijing,PM2.5,1/30/2016 9:00,2016,1,30,9,47,�g/m�,1 Hr,Valid
Beijing,PM2.5,1/30/2016 10:00,2016,1,30,10,28,�g/m�,1 Hr,Valid
Beijing,PM2.5,1/30/2016 11:00,2016,1,30,11,25,�g/m�,1 Hr,Valid
Beijing,PM2.5,1/30/2016 12:00,2016,1,30,12,22,�g/m�,1 Hr,Valid
Beijing,PM2.5,1/30/2016 13:00,2016,1,30,13,30,�g/m�,1 Hr,Valid
Beijing,PM2.5,1/30/2016 14:00,2016,1,30,14,27,�g/m�,1 Hr,Valid
Beijing,PM2.5,1/30/2016 15:00,2016,1,30,15,32,�g/m�,1 Hr,Valid
Beijing,PM2.5,1/30/2016 16:00,2016,1,30,16,46,�g/m�,1 Hr,Valid
Beijing,PM2.5,1/30/2016 17:00,2016,1,30,17,49,�g/m�,1 Hr,Valid
Beijing,PM2.5,1/30/2016 18:00,2016,1,30,18,68,�g/m�,1 Hr,Valid
Beijing,PM2.5,1/30/2016 19:00,2016,1,30,19,99,�g/m�,1 Hr,Valid
Beijing,PM2.5,1/30/2016 20:00,2016,1,30,20,93,�g/m�,1 Hr,Valid
Beijing,PM2.5,1/30/2016 21:00,2016,1,30,21,16,�g/m�,1 Hr,Valid
Beijing,PM2.5,1/30/2016 22:00,2016,1,30,22,12,�g/m�,1 Hr,Valid
Beijing,PM2.5,1/30/2016 23:00,2016,1,30,23,18,�g/m�,1 Hr,Valid
Beijing,PM2.5,1/31/2016 0:00,2016,1,31,0,14,�g/m�,1 Hr,Valid
Beijing,PM2.5,1/31/2016 1:00,2016,1,31,1,12,�g/m�,1 Hr,Valid
Beijing,PM2.5,1/31/2016 2:00,2016,1,31,2,13,�g/m�,1 Hr,Valid
Beijing,PM2.5,1/31/2016 3:00,2016,1,31,3,12,�g/m�,1 Hr,Valid
Beijing,PM2.5,1/31/2016 4:00,2016,1,31,4,10,�g/m�,1 Hr,Valid
Beijing,PM2.5,1/31/2016 5:00,2016,1,31,5,15,�g/m�,1 Hr,Valid
Beijing,PM2.5,1/31/2016 6:00,2016,1,31,6,8,�g/m�,1 Hr,Valid
Beijing,PM2.5,1/31/2016 7:00,2016,1,31,7,13,�g/m�,1 Hr,Valid
Beijing,PM2.5,1/31/2016 8:00,2016,1,31,8,12,�g/m�,1 Hr,Valid
Beijing,PM2.5,1/31/2016 9:00,2016,1,31,9,8,�g/m�,1 Hr,Valid
Beijing,PM2.5,1/31/2016 10:00,2016,1,31,10,16,�g/m�,1 Hr,Valid
Beijing,PM2.5,1/31/2016 11:00,2016,1,31,11,7,�g/m�,1 Hr,Valid
Beijing,PM2.5,1/31/2016 12:00,2016,1,31,12,10,�g/m�,1 Hr,Valid
Beijing,PM2.5,1/31/2016 13:00,2016,1,31,13,11,�g/m�,1 Hr,Valid
Beijing,PM2.5,1/31/2016 14:00,2016,1,31,14,10,�g/m�,1 Hr,Valid
Beijing,PM2.5,1/31/2016 15:00,2016,1,31,15,11,�g/m�,1 Hr,Valid
Beijing,PM2.5,1/31/2016 16:00,2016,1,31,16,11,�g/m�,1 Hr,Valid
Beijing,PM2.5,1/31/2016 17:00,2016,1,31,17,12,�g/m�,1 Hr,Valid
Beijing,PM2.5,1/31/2016 18:00,2016,1,31,18,13,�g/m�,1 Hr,Valid
Beijing,PM2.5,1/31/2016 19:00,2016,1,31,19,74,�g/m�,1 Hr,Valid
Beijing,PM2.5,1/31/2016 20:00,2016,1,31,20,16,�g/m�,1 Hr,Valid
Beijing,PM2.5,1/31/2016 21:00,2016,1,31,21,14,�g/m�,1 Hr,Valid
Beijing,PM2.5,1/31/2016 22:00,2016,1,31,22,11,�g/m�,1 Hr,Valid
Beijing,PM2.5,1/31/2016 23:00,2016,1,31,23,13,�g/m�,1 Hr,Valid
Beijing,PM2.5,2/1/2016 0:00,2016,2,1,0,11,�g/m�,1 Hr,Valid
Beijing,PM2.5,2/1/2016 1:00,2016,2,1,1,12,�g/m�,1 Hr,Valid
Beijing,PM2.5,2/1/2016 2:00,2016,2,1,2,15,�g/m�,1 Hr,Valid
Beijing,PM2.5,2/1/2016 3:00,2016,2,1,3,12,�g/m�,1 Hr,Valid
Beijing,PM2.5,2/1/2016 4:00,2016,2,1,4,13,�g/m�,1 Hr,Valid
Beijing,PM2.5,2/1/2016 5:00,2016,2,1,5,13,�g/m�,1 Hr,Valid
Beijing,PM2.5,2/1/2016 6:00,2016,2,1,6,25,�g/m�,1 Hr,Valid
Beijing,PM2.5,2/1/2016 7:00,2016,2,1,7,26,�g/m�,1 Hr,Valid
Beijing,PM2.5,2/1/2016 8:00,2016,2,1,8,34,�g/m�,1 Hr,Valid
Beijing,PM2.5,2/1/2016 9:00,2016,2,1,9,31,�g/m�,1 Hr,Valid
Beijing,PM2.5,2/1/2016 10:00,2016,2,1,10,14,�g/m�,1 Hr,Valid
Beijing,PM2.5,2/1/2016 11:00,2016,2,1,11,9,�g/m�,1 Hr,Valid
Beijing,PM2.5,2/1/2016 12:00,2016,2,1,12,11,�g/m�,1 Hr,Valid
Beijing,PM2.5,2/1/2016 13:00,2016,2,1,13,10,�g/m�,1 Hr,Valid
Beijing,PM2.5,2/1/2016 14:00,2016,2,1,14,8,�g/m�,1 Hr,Valid
Beijing,PM2.5,2/1/2016 15:00,2016,2,1,15,9,�g/m�,1 Hr,Valid
Beijing,PM2.5,2/1/2016 16:00,2016,2,1,16,9,�g/m�,1 Hr,Valid
Beijing,PM2.5,2/1/2016 17:00,2016,2,1,17,9,�g/m�,1 Hr,Valid
Beijing,PM2.5,2/1/2016 18:00,2016,2,1,18,17,�g/m�,1 Hr,Valid
Beijing,PM2.5,2/1/2016 19:00,2016,2,1,19,10,�g/m�,1 Hr,Valid
Beijing,PM2.5,2/1/2016 20:00,2016,2,1,20,10,�g/m�,1 Hr,Valid
Beijing,PM2.5,2/1/2016 21:00,2016,2,1,21,9,�g/m�,1 Hr,Valid
Beijing,PM2.5,2/1/2016 22:00,2016,2,1,22,10,�g/m�,1 Hr,Valid
Beijing,PM2.5,2/1/2016 23:00,2016,2,1,23,17,�g/m�,1 Hr,Valid
Beijing,PM2.5,2/2/2016 0:00,2016,2,2,0,10,�g/m�,1 Hr,Valid
Beijing,PM2.5,2/2/2016 1:00,2016,2,2,1,13,�g/m�,1 Hr,Valid
Beijing,PM2.5,2/2/2016 2:00,2016,2,2,2,18,�g/m�,1 Hr,Valid
Beijing,PM2.5,2/2/2016 3:00,2016,2,2,3,25,�g/m�,1 Hr,Valid
Beijing,PM2.5,2/2/2016 4:00,2016,2,2,4,20,�g/m�,1 Hr,Valid
Beijing,PM2.5,2/2/2016 5:00,2016,2,2,5,23,�g/m�,1 Hr,Valid
Beijing,PM2.5,2/2/2016 6:00,2016,2,2,6,25,�g/m�,1 Hr,Valid
Beijing,PM2.5,2/2/2016 7:00,2016,2,2,7,16,�g/m�,1 Hr,Valid
Beijing,PM2.5,2/2/2016 8:00,2016,2,2,8,12,�g/m�,1 Hr,Valid
Beijing,PM2.5,2/2/2016 9:00,2016,2,2,9,21,�g/m�,1 Hr,Valid
Beijing,PM2.5,2/2/2016 10:00,2016,2,2,10,23,�g/m�,1 Hr,Valid
Beijing,PM2.5,2/2/2016 11:00,2016,2,2,11,22,�g/m�,1 Hr,Valid
Beijing,PM2.5,2/2/2016 12:00,2016,2,2,12,25,�g/m�,1 Hr,Valid
Beijing,PM2.5,2/2/2016 13:00,2016,2,2,13,23,�g/m�,1 Hr,Valid
Beijing,PM2.5,2/2/2016 14:00,2016,2,2,14,16,�g/m�,1 Hr,Valid
Beijing,PM2.5,2/2/2016 15:00,2016,2,2,15,12,�g/m�,1 Hr,Valid
Beijing,PM2.5,2/2/2016 16:00,2016,2,2,16,11,�g/m�,1 Hr,Valid
Beijing,PM2.5,2/2/2016 17:00,2016,2,2,17,16,�g/m�,1 Hr,Valid
Beijing,PM2.5,2/2/2016 18:00,2016,2,2,18,57,�g/m�,1 Hr,Valid
Beijing,PM2.5,2/2/2016 19:00,2016,2,2,19,69,�g/m�,1 Hr,Valid
Beijing,PM2.5,2/2/2016 20:00,2016,2,2,20,69,�g/m�,1 Hr,Valid
Beijing,PM2.5,2/2/2016 21:00,2016,2,2,21,69,�g/m�,1 Hr,Valid
Beijing,PM2.5,2/2/2016 22:00,2016,2,2,22,29,�g/m�,1 Hr,Valid
Beijing,PM2.5,2/2/2016 23:00,2016,2,2,23,26,�g/m�,1 Hr,Valid
Beijing,PM2.5,2/3/2016 0:00,2016,2,3,0,37,�g/m�,1 Hr,Valid
Beijing,PM2.5,2/3/2016 1:00,2016,2,3,1,27,�g/m�,1 Hr,Valid
Beijing,PM2.5,2/3/2016 2:00,2016,2,3,2,33,�g/m�,1 Hr,Valid
Beijing,PM2.5,2/3/2016 3:00,2016,2,3,3,39,�g/m�,1 Hr,Valid
Beijing,PM2.5,2/3/2016 4:00,2016,2,3,4,27,�g/m�,1 Hr,Valid
Beijing,PM2.5,2/3/2016 5:00,2016,2,3,5,18,�g/m�,1 Hr,Valid
Beijing,PM2.5,2/3/2016 6:00,2016,2,3,6,29,�g/m�,1 Hr,Valid
Beijing,PM2.5,2/3/2016 7:00,2016,2,3,7,39,�g/m�,1 Hr,Valid
Beijing,PM2.5,2/3/2016 8:00,2016,2,3,8,30,�g/m�,1 Hr,Valid
Beijing,PM2.5,2/3/2016 9:00,2016,2,3,9,30,�g/m�,1 Hr,Valid
Beijing,PM2.5,2/3/2016 10:00,2016,2,3,10,38,�g/m�,1 Hr,Valid
Beijing,PM2.5,2/3/2016 11:00,2016,2,3,11,44,�g/m�,1 Hr,Valid
Beijing,PM2.5,2/3/2016 12:00,2016,2,3,12,56,�g/m�,1 Hr,Valid
Beijing,PM2.5,2/3/2016 13:00,2016,2,3,13,56,�g/m�,1 Hr,Valid
Beijing,PM2.5,2/3/2016 14:00,2016,2,3,14,50,�g/m�,1 Hr,Valid
Beijing,PM2.5,2/3/2016 15:00,2016,2,3,15,39,�g/m�,1 Hr,Valid
Beijing,PM2.5,2/3/2016 16:00,2016,2,3,16,36,�g/m�,1 Hr,Valid
Beijing,PM2.5,2/3/2016 17:00,2016,2,3,17,30,�g/m�,1 Hr,Valid
Beijing,PM2.5,2/3/2016 18:00,2016,2,3,18,56,�g/m�,1 Hr,Valid
Beijing,PM2.5,2/3/2016 19:00,2016,2,3,19,66,�g/m�,1 Hr,Valid
Beijing,PM2.5,2/3/2016 20:00,2016,2,3,20,46,�g/m�,1 Hr,Valid
Beijing,PM2.5,2/3/2016 21:00,2016,2,3,21,29,�g/m�,1 Hr,Valid
Beijing,PM2.5,2/3/2016 22:00,2016,2,3,22,22,�g/m�,1 Hr,Valid
Beijing,PM2.5,2/3/2016 23:00,2016,2,3,23,31,�g/m�,1 Hr,Valid
Beijing,PM2.5,2/4/2016 0:00,2016,2,4,0,43,�g/m�,1 Hr,Valid
Beijing,PM2.5,2/4/2016 1:00,2016,2,4,1,24,�g/m�,1 Hr,Valid
Beijing,PM2.5,2/4/2016 2:00,2016,2,4,2,14,�g/m�,1 Hr,Valid
Beijing,PM2.5,2/4/2016 3:00,2016,2,4,3,12,�g/m�,1 Hr,Valid
Beijing,PM2.5,2/4/2016 4:00,2016,2,4,4,10,�g/m�,1 Hr,Valid
Beijing,PM2.5,2/4/2016 5:00,2016,2,4,5,15,�g/m�,1 Hr,Valid
Beijing,PM2.5,2/4/2016 6:00,2016,2,4,6,14,�g/m�,1 Hr,Valid
Beijing,PM2.5,2/4/2016 7:00,2016,2,4,7,13,�g/m�,1 Hr,Valid
Beijing,PM2.5,2/4/2016 8:00,2016,2,4,8,12,�g/m�,1 Hr,Valid
Beijing,PM2.5,2/4/2016 9:00,2016,2,4,9,16,�g/m�,1 Hr,Valid
Beijing,PM2.5,2/4/2016 10:00,2016,2,4,10,18,�g/m�,1 Hr,Valid
Beijing,PM2.5,2/4/2016 11:00,2016,2,4,11,11,�g/m�,1 Hr,Valid
Beijing,PM2.5,2/4/2016 12:00,2016,2,4,12,12,�g/m�,1 Hr,Valid
Beijing,PM2.5,2/4/2016 13:00,2016,2,4,13,17,�g/m�,1 Hr,Valid
Beijing,PM2.5,2/4/2016 14:00,2016,2,4,14,11,�g/m�,1 Hr,Valid
Beijing,PM2.5,2/4/2016 15:00,2016,2,4,15,12,�g/m�,1 Hr,Valid
Beijing,PM2.5,2/4/2016 16:00,2016,2,4,16,16,�g/m�,1 Hr,Valid
Beijing,PM2.5,2/4/2016 17:00,2016,2,4,17,17,�g/m�,1 Hr,Valid
Beijing,PM2.5,2/4/2016 18:00,2016,2,4,18,12,�g/m�,1 Hr,Valid
Beijing,PM2.5,2/4/2016 19:00,2016,2,4,19,17,�g/m�,1 Hr,Valid
Beijing,PM2.5,2/4/2016 20:00,2016,2,4,20,10,�g/m�,1 Hr,Valid
Beijing,PM2.5,2/4/2016 21:00,2016,2,4,21,11,�g/m�,1 Hr,Valid
Beijing,PM2.5,2/4/2016 22:00,2016,2,4,22,17,�g/m�,1 Hr,Valid
Beijing,PM2.5,2/4/2016 23:00,2016,2,4,23,9,�g/m�,1 Hr,Valid
Beijing,PM2.5,2/5/2016 0:00,2016,2,5,0,12,�g/m�,1 Hr,Valid
Beijing,PM2.5,2/5/2016 1:00,2016,2,5,1,8,�g/m�,1 Hr,Valid
Beijing,PM2.5,2/5/2016 2:00,2016,2,5,2,10,�g/m�,1 Hr,Valid
Beijing,PM2.5,2/5/2016 3:00,2016,2,5,3,13,�g/m�,1 Hr,Valid
Beijing,PM2.5,2/5/2016 4:00,2016,2,5,4,9,�g/m�,1 Hr,Valid
Beijing,PM2.5,2/5/2016 5:00,2016,2,5,5,10,�g/m�,1 Hr,Valid
Beijing,PM2.5,2/5/2016 6:00,2016,2,5,6,13,�g/m�,1 Hr,Valid
Beijing,PM2.5,2/5/2016 7:00,2016,2,5,7,12,�g/m�,1 Hr,Valid
Beijing,PM2.5,2/5/2016 8:00,2016,2,5,8,10,�g/m�,1 Hr,Valid
Beijing,PM2.5,2/5/2016 9:00,2016,2,5,9,19,�g/m�,1 Hr,Valid
Beijing,PM2.5,2/5/2016 10:00,2016,2,5,10,9,�g/m�,1 Hr,Valid
Beijing,PM2.5,2/5/2016 11:00,2016,2,5,11,9,�g/m�,1 Hr,Valid
Beijing,PM2.5,2/5/2016 12:00,2016,2,5,12,14,�g/m�,1 Hr,Valid
Beijing,PM2.5,2/5/2016 13:00,2016,2,5,13,9,�g/m�,1 Hr,Valid
Beijing,PM2.5,2/5/2016 14:00,2016,2,5,14,10,�g/m�,1 Hr,Valid
Beijing,PM2.5,2/5/2016 15:00,2016,2,5,15,13,�g/m�,1 Hr,Valid
Beijing,PM2.5,2/5/2016 16:00,2016,2,5,16,8,�g/m�,1 Hr,Valid
Beijing,PM2.5,2/5/2016 17:00,2016,2,5,17,8,�g/m�,1 Hr,Valid
Beijing,PM2.5,2/5/2016 18:00,2016,2,5,18,8,�g/m�,1 Hr,Valid
Beijing,PM2.5,2/5/2016 19:00,2016,2,5,19,12,�g/m�,1 Hr,Valid
Beijing,PM2.5,2/5/2016 20:00,2016,2,5,20,17,�g/m�,1 Hr,Valid
Beijing,PM2.5,2/5/2016 21:00,2016,2,5,21,10,�g/m�,1 Hr,Valid
Beijing,PM2.5,2/5/2016 22:00,2016,2,5,22,10,�g/m�,1 Hr,Valid
Beijing,PM2.5,2/5/2016 23:00,2016,2,5,23,7,�g/m�,1 Hr,Valid
Beijing,PM2.5,2/6/2016 0:00,2016,2,6,0,8,�g/m�,1 Hr,Valid
Beijing,PM2.5,2/6/2016 1:00,2016,2,6,1,9,�g/m�,1 Hr,Valid
Beijing,PM2.5,2/6/2016 2:00,2016,2,6,2,9,�g/m�,1 Hr,Valid
Beijing,PM2.5,2/6/2016 3:00,2016,2,6,3,9,�g/m�,1 Hr,Valid
Beijing,PM2.5,2/6/2016 4:00,2016,2,6,4,16,�g/m�,1 Hr,Valid
Beijing,PM2.5,2/6/2016 5:00,2016,2,6,5,14,�g/m�,1 Hr,Valid
Beijing,PM2.5,2/6/2016 6:00,2016,2,6,6,24,�g/m�,1 Hr,Valid
Beijing,PM2.5,2/6/2016 7:00,2016,2,6,7,8,�g/m�,1 Hr,Valid
Beijing,PM2.5,2/6/2016 8:00,2016,2,6,8,18,�g/m�,1 Hr,Valid
Beijing,PM2.5,2/6/2016 9:00,2016,2,6,9,14,�g/m�,1 Hr,Valid
Beijing,PM2.5,2/6/2016 10:00,2016,2,6,10,15,�g/m�,1 Hr,Valid
Beijing,PM2.5,2/6/2016 11:00,2016,2,6,11,16,�g/m�,1 Hr,Valid
Beijing,PM2.5,2/6/2016 12:00,2016,2,6,12,42,�g/m�,1 Hr,Valid
Beijing,PM2.5,2/6/2016 13:00,2016,2,6,13,30,�g/m�,1 Hr,Valid
Beijing,PM2.5,2/6/2016 14:00,2016,2,6,14,27,�g/m�,1 Hr,Valid
Beijing,PM2.5,2/6/2016 15:00,2016,2,6,15,15,�g/m�,1 Hr,Valid
Beijing,PM2.5,2/6/2016 16:00,2016,2,6,16,9,�g/m�,1 Hr,Valid
Beijing,PM2.5,2/6/2016 17:00,2016,2,6,17,11,�g/m�,1 Hr,Valid
Beijing,PM2.5,2/6/2016 18:00,2016,2,6,18,49,�g/m�,1 Hr,Valid
Beijing,PM2.5,2/6/2016 19:00,2016,2,6,19,66,�g/m�,1 Hr,Valid
Beijing,PM2.5,2/6/2016 20:00,2016,2,6,20,66,�g/m�,1 Hr,Valid
Beijing,PM2.5,2/6/2016 21:00,2016,2,6,21,56,�g/m�,1 Hr,Valid
Beijing,PM2.5,2/6/2016 22:00,2016,2,6,22,79,�g/m�,1 Hr,Valid
Beijing,PM2.5,2/6/2016 23:00,2016,2,6,23,96,�g/m�,1 Hr,Valid
Beijing,PM2.5,2/7/2016 0:00,2016,2,7,0,84,�g/m�,1 Hr,Valid
Beijing,PM2.5,2/7/2016 1:00,2016,2,7,1,88,�g/m�,1 Hr,Valid
Beijing,PM2.5,2/7/2016 2:00,2016,2,7,2,93,�g/m�,1 Hr,Valid
Beijing,PM2.5,2/7/2016 3:00,2016,2,7,3,75,�g/m�,1 Hr,Valid
Beijing,PM2.5,2/7/2016 4:00,2016,2,7,4,57,�g/m�,1 Hr,Valid
Beijing,PM2.5,2/7/2016 5:00,2016,2,7,5,38,�g/m�,1 Hr,Valid
Beijing,PM2.5,2/7/2016 6:00,2016,2,7,6,33,�g/m�,1 Hr,Valid
Beijing,PM2.5,2/7/2016 7:00,2016,2,7,7,31,�g/m�,1 Hr,Valid
Beijing,PM2.5,2/7/2016 8:00,2016,2,7,8,56,�g/m�,1 Hr,Valid
Beijing,PM2.5,2/7/2016 9:00,2016,2,7,9,30,�g/m�,1 Hr,Valid
Beijing,PM2.5,2/7/2016 10:00,2016,2,7,10,36,�g/m�,1 Hr,Valid
Beijing,PM2.5,2/7/2016 11:00,2016,2,7,11,24,�g/m�,1 Hr,Valid
Beijing,PM2.5,2/7/2016 12:00,2016,2,7,12,19,�g/m�,1 Hr,Valid
Beijing,PM2.5,2/7/2016 13:00,2016,2,7,13,20,�g/m�,1 Hr,Valid
Beijing,PM2.5,2/7/2016 14:00,2016,2,7,14,20,�g/m�,1 Hr,Valid
Beijing,PM2.5,2/7/2016 15:00,2016,2,7,15,17,�g/m�,1 Hr,Valid
Beijing,PM2.5,2/7/2016 16:00,2016,2,7,16,20,�g/m�,1 Hr,Valid
Beijing,PM2.5,2/7/2016 17:00,2016,2,7,17,13,�g/m�,1 Hr,Valid
Beijing,PM2.5,2/7/2016 18:00,2016,2,7,18,20,�g/m�,1 Hr,Valid
Beijing,PM2.5,2/7/2016 19:00,2016,2,7,19,29,�g/m�,1 Hr,Valid
Beijing,PM2.5,2/7/2016 20:00,2016,2,7,20,60,�g/m�,1 Hr,Valid
Beijing,PM2.5,2/7/2016 21:00,2016,2,7,21,72,�g/m�,1 Hr,Valid
Beijing,PM2.5,2/7/2016 22:00,2016,2,7,22,103,�g/m�,1 Hr,Valid
Beijing,PM2.5,2/7/2016 23:00,2016,2,7,23,151,�g/m�,1 Hr,Valid
Beijing,PM2.5,2/8/2016 0:00,2016,2,8,0,-999,�g/m�,1 Hr,Missing
Beijing,PM2.5,2/8/2016 1:00,2016,2,8,1,544,�g/m�,1 Hr,Valid
Beijing,PM2.5,2/8/2016 2:00,2016,2,8,2,502,�g/m�,1 Hr,Valid
Beijing,PM2.5,2/8/2016 3:00,2016,2,8,3,-999,�g/m�,1 Hr,Missing
Beijing,PM2.5,2/8/2016 4:00,2016,2,8,4,601,�g/m�,1 Hr,Valid
Beijing,PM2.5,2/8/2016 5:00,2016,2,8,5,564,�g/m�,1 Hr,Valid
Beijing,PM2.5,2/8/2016 6:00,2016,2,8,6,562,�g/m�,1 Hr,Valid
Beijing,PM2.5,2/8/2016 7:00,2016,2,8,7,299,�g/m�,1 Hr,Valid
Beijing,PM2.5,2/8/2016 8:00,2016,2,8,8,21,�g/m�,1 Hr,Valid
Beijing,PM2.5,2/8/2016 9:00,2016,2,8,9,12,�g/m�,1 Hr,Valid
Beijing,PM2.5,2/8/2016 10:00,2016,2,8,10,13,�g/m�,1 Hr,Valid
Beijing,PM2.5,2/8/2016 11:00,2016,2,8,11,9,�g/m�,1 Hr,Valid
Beijing,PM2.5,2/8/2016 12:00,2016,2,8,12,14,�g/m�,1 Hr,Valid
Beijing,PM2.5,2/8/2016 13:00,2016,2,8,13,12,�g/m�,1 Hr,Valid
Beijing,PM2.5,2/8/2016 14:00,2016,2,8,14,10,�g/m�,1 Hr,Valid
Beijing,PM2.5,2/8/2016 15:00,2016,2,8,15,7,�g/m�,1 Hr,Valid
Beijing,PM2.5,2/8/2016 16:00,2016,2,8,16,6,�g/m�,1 Hr,Valid
Beijing,PM2.5,2/8/2016 17:00,2016,2,8,17,6,�g/m�,1 Hr,Valid
Beijing,PM2.5,2/8/2016 18:00,2016,2,8,18,11,�g/m�,1 Hr,Valid
Beijing,PM2.5,2/8/2016 19:00,2016,2,8,19,19,�g/m�,1 Hr,Valid
Beijing,PM2.5,2/8/2016 20:00,2016,2,8,20,64,�g/m�,1 Hr,Valid
Beijing,PM2.5,2/8/2016 21:00,2016,2,8,21,29,�g/m�,1 Hr,Valid
Beijing,PM2.5,2/8/2016 22:00,2016,2,8,22,28,�g/m�,1 Hr,Valid
Beijing,PM2.5,2/8/2016 23:00,2016,2,8,23,27,�g/m�,1 Hr,Valid
Beijing,PM2.5,2/9/2016 0:00,2016,2,9,0,23,�g/m�,1 Hr,Valid
Beijing,PM2.5,2/9/2016 1:00,2016,2,9,1,25,�g/m�,1 Hr,Valid
Beijing,PM2.5,2/9/2016 2:00,2016,2,9,2,29,�g/m�,1 Hr,Valid
Beijing,PM2.5,2/9/2016 3:00,2016,2,9,3,25,�g/m�,1 Hr,Valid
Beijing,PM2.5,2/9/2016 4:00,2016,2,9,4,28,�g/m�,1 Hr,Valid
Beijing,PM2.5,2/9/2016 5:00,2016,2,9,5,32,�g/m�,1 Hr,Valid
Beijing,PM2.5,2/9/2016 6:00,2016,2,9,6,26,�g/m�,1 Hr,Valid
Beijing,PM2.5,2/9/2016 7:00,2016,2,9,7,22,�g/m�,1 Hr,Valid
Beijing,PM2.5,2/9/2016 8:00,2016,2,9,8,20,�g/m�,1 Hr,Valid
Beijing,PM2.5,2/9/2016 9:00,2016,2,9,9,27,�g/m�,1 Hr,Valid
Beijing,PM2.5,2/9/2016 10:00,2016,2,9,10,31,�g/m�,1 Hr,Valid
Beijing,PM2.5,2/9/2016 11:00,2016,2,9,11,47,�g/m�,1 Hr,Valid
Beijing,PM2.5,2/9/2016 12:00,2016,2,9,12,56,�g/m�,1 Hr,Valid
Beijing,PM2.5,2/9/2016 13:00,2016,2,9,13,48,�g/m�,1 Hr,Valid
Beijing,PM2.5,2/9/2016 14:00,2016,2,9,14,41,�g/m�,1 Hr,Valid
Beijing,PM2.5,2/9/2016 15:00,2016,2,9,15,52,�g/m�,1 Hr,Valid
Beijing,PM2.5,2/9/2016 16:00,2016,2,9,16,63,�g/m�,1 Hr,Valid
Beijing,PM2.5,2/9/2016 17:00,2016,2,9,17,73,�g/m�,1 Hr,Valid
Beijing,PM2.5,2/9/2016 18:00,2016,2,9,18,78,�g/m�,1 Hr,Valid
Beijing,PM2.5,2/9/2016 19:00,2016,2,9,19,70,�g/m�,1 Hr,Valid
Beijing,PM2.5,2/9/2016 20:00,2016,2,9,20,71,�g/m�,1 Hr,Valid
Beijing,PM2.5,2/9/2016 21:00,2016,2,9,21,80,�g/m�,1 Hr,Valid
Beijing,PM2.5,2/9/2016 22:00,2016,2,9,22,69,�g/m�,1 Hr,Valid
Beijing,PM2.5,2/9/2016 23:00,2016,2,9,23,62,�g/m�,1 Hr,Valid
Beijing,PM2.5,2/10/2016 0:00,2016,2,10,0,98,�g/m�,1 Hr,Valid
Beijing,PM2.5,2/10/2016 1:00,2016,2,10,1,91,�g/m�,1 Hr,Valid
Beijing,PM2.5,2/10/2016 2:00,2016,2,10,2,94,�g/m�,1 Hr,Valid
Beijing,PM2.5,2/10/2016 3:00,2016,2,10,3,86,�g/m�,1 Hr,Valid
Beijing,PM2.5,2/10/2016 4:00,2016,2,10,4,79,�g/m�,1 Hr,Valid
Beijing,PM2.5,2/10/2016 5:00,2016,2,10,5,78,�g/m�,1 Hr,Valid
Beijing,PM2.5,2/10/2016 6:00,2016,2,10,6,97,�g/m�,1 Hr,Valid
Beijing,PM2.5,2/10/2016 7:00,2016,2,10,7,92,�g/m�,1 Hr,Valid
Beijing,PM2.5,2/10/2016 8:00,2016,2,10,8,110,�g/m�,1 Hr,Valid
Beijing,PM2.5,2/10/2016 9:00,2016,2,10,9,86,�g/m�,1 Hr,Valid
Beijing,PM2.5,2/10/2016 10:00,2016,2,10,10,71,�g/m�,1 Hr,Valid
Beijing,PM2.5,2/10/2016 11:00,2016,2,10,11,83,�g/m�,1 Hr,Valid
Beijing,PM2.5,2/10/2016 12:00,2016,2,10,12,93,�g/m�,1 Hr,Valid
Beijing,PM2.5,2/10/2016 13:00,2016,2,10,13,109,�g/m�,1 Hr,Valid
Beijing,PM2.5,2/10/2016 14:00,2016,2,10,14,115,�g/m�,1 Hr,Valid
Beijing,PM2.5,2/10/2016 15:00,2016,2,10,15,116,�g/m�,1 Hr,Valid
Beijing,PM2.5,2/10/2016 16:00,2016,2,10,16,119,�g/m�,1 Hr,Valid
Beijing,PM2.5,2/10/2016 17:00,2016,2,10,17,117,�g/m�,1 Hr,Valid
Beijing,PM2.5,2/10/2016 18:00,2016,2,10,18,121,�g/m�,1 Hr,Valid
Beijing,PM2.5,2/10/2016 19:00,2016,2,10,19,138,�g/m�,1 Hr,Valid
Beijing,PM2.5,2/10/2016 20:00,2016,2,10,20,177,�g/m�,1 Hr,Valid
Beijing,PM2.5,2/10/2016 21:00,2016,2,10,21,206,�g/m�,1 Hr,Valid
Beijing,PM2.5,2/10/2016 22:00,2016,2,10,22,217,�g/m�,1 Hr,Valid
Beijing,PM2.5,2/10/2016 23:00,2016,2,10,23,222,�g/m�,1 Hr,Valid
Beijing,PM2.5,2/11/2016 0:00,2016,2,11,0,227,�g/m�,1 Hr,Valid
Beijing,PM2.5,2/11/2016 1:00,2016,2,11,1,195,�g/m�,1 Hr,Valid
Beijing,PM2.5,2/11/2016 2:00,2016,2,11,2,180,�g/m�,1 Hr,Valid
Beijing,PM2.5,2/11/2016 3:00,2016,2,11,3,184,�g/m�,1 Hr,Valid
Beijing,PM2.5,2/11/2016 4:00,2016,2,11,4,186,�g/m�,1 Hr,Valid
Beijing,PM2.5,2/11/2016 5:00,2016,2,11,5,234,�g/m�,1 Hr,Valid
Beijing,PM2.5,2/11/2016 6:00,2016,2,11,6,230,�g/m�,1 Hr,Valid
Beijing,PM2.5,2/11/2016 7:00,2016,2,11,7,188,�g/m�,1 Hr,Valid
Beijing,PM2.5,2/11/2016 8:00,2016,2,11,8,154,�g/m�,1 Hr,Valid
Beijing,PM2.5,2/11/2016 9:00,2016,2,11,9,148,�g/m�,1 Hr,Valid
Beijing,PM2.5,2/11/2016 10:00,2016,2,11,10,164,�g/m�,1 Hr,Valid
Beijing,PM2.5,2/11/2016 11:00,2016,2,11,11,157,�g/m�,1 Hr,Valid
Beijing,PM2.5,2/11/2016 12:00,2016,2,11,12,157,�g/m�,1 Hr,Valid
Beijing,PM2.5,2/11/2016 13:00,2016,2,11,13,176,�g/m�,1 Hr,Valid
Beijing,PM2.5,2/11/2016 14:00,2016,2,11,14,172,�g/m�,1 Hr,Valid
Beijing,PM2.5,2/11/2016 15:00,2016,2,11,15,135,�g/m�,1 Hr,Valid
Beijing,PM2.5,2/11/2016 16:00,2016,2,11,16,129,�g/m�,1 Hr,Valid
Beijing,PM2.5,2/11/2016 17:00,2016,2,11,17,120,�g/m�,1 Hr,Valid
Beijing,PM2.5,2/11/2016 18:00,2016,2,11,18,122,�g/m�,1 Hr,Valid
Beijing,PM2.5,2/11/2016 19:00,2016,2,11,19,99,�g/m�,1 Hr,Valid
Beijing,PM2.5,2/11/2016 20:00,2016,2,11,20,89,�g/m�,1 Hr,Valid
Beijing,PM2.5,2/11/2016 21:00,2016,2,11,21,93,�g/m�,1 Hr,Valid
Beijing,PM2.5,2/11/2016 22:00,2016,2,11,22,95,�g/m�,1 Hr,Valid
Beijing,PM2.5,2/11/2016 23:00,2016,2,11,23,102,�g/m�,1 Hr,Valid
Beijing,PM2.5,2/12/2016 0:00,2016,2,12,0,114,�g/m�,1 Hr,Valid
Beijing,PM2.5,2/12/2016 1:00,2016,2,12,1,96,�g/m�,1 Hr,Valid
Beijing,PM2.5,2/12/2016 2:00,2016,2,12,2,106,�g/m�,1 Hr,Valid
Beijing,PM2.5,2/12/2016 3:00,2016,2,12,3,169,�g/m�,1 Hr,Valid
Beijing,PM2.5,2/12/2016 4:00,2016,2,12,4,171,�g/m�,1 Hr,Valid
Beijing,PM2.5,2/12/2016 5:00,2016,2,12,5,164,�g/m�,1 Hr,Valid
Beijing,PM2.5,2/12/2016 6:00,2016,2,12,6,145,�g/m�,1 Hr,Valid
Beijing,PM2.5,2/12/2016 7:00,2016,2,12,7,148,�g/m�,1 Hr,Valid
Beijing,PM2.5,2/12/2016 8:00,2016,2,12,8,143,�g/m�,1 Hr,Valid
Beijing,PM2.5,2/12/2016 9:00,2016,2,12,9,142,�g/m�,1 Hr,Valid
Beijing,PM2.5,2/12/2016 10:00,2016,2,12,10,145,�g/m�,1 Hr,Valid
Beijing,PM2.5,2/12/2016 11:00,2016,2,12,11,161,�g/m�,1 Hr,Valid
Beijing,PM2.5,2/12/2016 12:00,2016,2,12,12,171,�g/m�,1 Hr,Valid
Beijing,PM2.5,2/12/2016 13:00,2016,2,12,13,171,�g/m�,1 Hr,Valid
Beijing,PM2.5,2/12/2016 14:00,2016,2,12,14,161,�g/m�,1 Hr,Valid
Beijing,PM2.5,2/12/2016 15:00,2016,2,12,15,166,�g/m�,1 Hr,Valid
Beijing,PM2.5,2/12/2016 16:00,2016,2,12,16,176,�g/m�,1 Hr,Valid
Beijing,PM2.5,2/12/2016 17:00,2016,2,12,17,190,�g/m�,1 Hr,Valid
Beijing,PM2.5,2/12/2016 18:00,2016,2,12,18,186,�g/m�,1 Hr,Valid
Beijing,PM2.5,2/12/2016 19:00,2016,2,12,19,213,�g/m�,1 Hr,Valid
Beijing,PM2.5,2/12/2016 20:00,2016,2,12,20,194,�g/m�,1 Hr,Valid
Beijing,PM2.5,2/12/2016 21:00,2016,2,12,21,141,�g/m�,1 Hr,Valid
Beijing,PM2.5,2/12/2016 22:00,2016,2,12,22,41,�g/m�,1 Hr,Valid
Beijing,PM2.5,2/12/2016 23:00,2016,2,12,23,26,�g/m�,1 Hr,Valid
Beijing,PM2.5,2/13/2016 0:00,2016,2,13,0,18,�g/m�,1 Hr,Valid
Beijing,PM2.5,2/13/2016 1:00,2016,2,13,1,21,�g/m�,1 Hr,Valid
Beijing,PM2.5,2/13/2016 2:00,2016,2,13,2,16,�g/m�,1 Hr,Valid
Beijing,PM2.5,2/13/2016 3:00,2016,2,13,3,10,�g/m�,1 Hr,Valid
Beijing,PM2.5,2/13/2016 4:00,2016,2,13,4,14,�g/m�,1 Hr,Valid
Beijing,PM2.5,2/13/2016 5:00,2016,2,13,5,10,�g/m�,1 Hr,Valid
Beijing,PM2.5,2/13/2016 6:00,2016,2,13,6,7,�g/m�,1 Hr,Valid
Beijing,PM2.5,2/13/2016 7:00,2016,2,13,7,6,�g/m�,1 Hr,Valid
Beijing,PM2.5,2/13/2016 8:00,2016,2,13,8,7,�g/m�,1 Hr,Valid
Beijing,PM2.5,2/13/2016 9:00,2016,2,13,9,11,�g/m�,1 Hr,Valid
Beijing,PM2.5,2/13/2016 10:00,2016,2,13,10,9,�g/m�,1 Hr,Valid
Beijing,PM2.5,2/13/2016 11:00,2016,2,13,11,10,�g/m�,1 Hr,Valid
Beijing,PM2.5,2/13/2016 12:00,2016,2,13,12,6,�g/m�,1 Hr,Valid
Beijing,PM2.5,2/13/2016 13:00,2016,2,13,13,6,�g/m�,1 Hr,Valid
Beijing,PM2.5,2/13/2016 14:00,2016,2,13,14,6,�g/m�,1 Hr,Valid
Beijing,PM2.5,2/13/2016 15:00,2016,2,13,15,22,�g/m�,1 Hr,Valid
Beijing,PM2.5,2/13/2016 16:00,2016,2,13,16,25,�g/m�,1 Hr,Valid
Beijing,PM2.5,2/13/2016 17:00,2016,2,13,17,11,�g/m�,1 Hr,Valid
Beijing,PM2.5,2/13/2016 18:00,2016,2,13,18,9,�g/m�,1 Hr,Valid
Beijing,PM2.5,2/13/2016 19:00,2016,2,13,19,17,�g/m�,1 Hr,Valid
Beijing,PM2.5,2/13/2016 20:00,2016,2,13,20,11,�g/m�,1 Hr,Valid
Beijing,PM2.5,2/13/2016 21:00,2016,2,13,21,14,�g/m�,1 Hr,Valid
Beijing,PM2.5,2/13/2016 22:00,2016,2,13,22,15,�g/m�,1 Hr,Valid
Beijing,PM2.5,2/13/2016 23:00,2016,2,13,23,16,�g/m�,1 Hr,Valid
Beijing,PM2.5,2/14/2016 0:00,2016,2,14,0,7,�g/m�,1 Hr,Valid
Beijing,PM2.5,2/14/2016 1:00,2016,2,14,1,8,�g/m�,1 Hr,Valid
Beijing,PM2.5,2/14/2016 2:00,2016,2,14,2,8,�g/m�,1 Hr,Valid
Beijing,PM2.5,2/14/2016 3:00,2016,2,14,3,10,�g/m�,1 Hr,Valid
Beijing,PM2.5,2/14/2016 4:00,2016,2,14,4,6,�g/m�,1 Hr,Valid
Beijing,PM2.5,2/14/2016 5:00,2016,2,14,5,4,�g/m�,1 Hr,Valid
Beijing,PM2.5,2/14/2016 6:00,2016,2,14,6,5,�g/m�,1 Hr,Valid
Beijing,PM2.5,2/14/2016 7:00,2016,2,14,7,6,�g/m�,1 Hr,Valid
Beijing,PM2.5,2/14/2016 8:00,2016,2,14,8,11,�g/m�,1 Hr,Valid
Beijing,PM2.5,2/14/2016 9:00,2016,2,14,9,10,�g/m�,1 Hr,Valid
Beijing,PM2.5,2/14/2016 10:00,2016,2,14,10,11,�g/m�,1 Hr,Valid
Beijing,PM2.5,2/14/2016 11:00,2016,2,14,11,10,�g/m�,1 Hr,Valid
Beijing,PM2.5,2/14/2016 12:00,2016,2,14,12,8,�g/m�,1 Hr,Valid
Beijing,PM2.5,2/14/2016 13:00,2016,2,14,13,14,�g/m�,1 Hr,Valid
Beijing,PM2.5,2/14/2016 14:00,2016,2,14,14,8,�g/m�,1 Hr,Valid
Beijing,PM2.5,2/14/2016 15:00,2016,2,14,15,6,�g/m�,1 Hr,Valid
Beijing,PM2.5,2/14/2016 16:00,2016,2,14,16,6,�g/m�,1 Hr,Valid
Beijing,PM2.5,2/14/2016 17:00,2016,2,14,17,3,�g/m�,1 Hr,Valid
Beijing,PM2.5,2/14/2016 18:00,2016,2,14,18,3,�g/m�,1 Hr,Valid
Beijing,PM2.5,2/14/2016 19:00,2016,2,14,19,5,�g/m�,1 Hr,Valid
Beijing,PM2.5,2/14/2016 20:00,2016,2,14,20,7,�g/m�,1 Hr,Valid
Beijing,PM2.5,2/14/2016 21:00,2016,2,14,21,7,�g/m�,1 Hr,Valid
Beijing,PM2.5,2/14/2016 22:00,2016,2,14,22,7,�g/m�,1 Hr,Valid
Beijing,PM2.5,2/14/2016 23:00,2016,2,14,23,16,�g/m�,1 Hr,Valid
Beijing,PM2.5,2/15/2016 0:00,2016,2,15,0,4,�g/m�,1 Hr,Valid
Beijing,PM2.5,2/15/2016 1:00,2016,2,15,1,6,�g/m�,1 Hr,Valid
Beijing,PM2.5,2/15/2016 2:00,2016,2,15,2,7,�g/m�,1 Hr,Valid
Beijing,PM2.5,2/15/2016 3:00,2016,2,15,3,8,�g/m�,1 Hr,Valid
Beijing,PM2.5,2/15/2016 4:00,2016,2,15,4,8,�g/m�,1 Hr,Valid
Beijing,PM2.5,2/15/2016 5:00,2016,2,15,5,6,�g/m�,1 Hr,Valid
Beijing,PM2.5,2/15/2016 6:00,2016,2,15,6,11,�g/m�,1 Hr,Valid
Beijing,PM2.5,2/15/2016 7:00,2016,2,15,7,6,�g/m�,1 Hr,Valid
Beijing,PM2.5,2/15/2016 8:00,2016,2,15,8,6,�g/m�,1 Hr,Valid
Beijing,PM2.5,2/15/2016 9:00,2016,2,15,9,5,�g/m�,1 Hr,Valid
Beijing,PM2.5,2/15/2016 10:00,2016,2,15,10,7,�g/m�,1 Hr,Valid
Beijing,PM2.5,2/15/2016 11:00,2016,2,15,11,13,�g/m�,1 Hr,Valid
Beijing,PM2.5,2/15/2016 12:00,2016,2,15,12,11,�g/m�,1 Hr,Valid
Beijing,PM2.5,2/15/2016 13:00,2016,2,15,13,12,�g/m�,1 Hr,Valid
Beijing,PM2.5,2/15/2016 14:00,2016,2,15,14,8,�g/m�,1 Hr,Valid
Beijing,PM2.5,2/15/2016 15:00,2016,2,15,15,7,�g/m�,1 Hr,Valid
Beijing,PM2.5,2/15/2016 16:00,2016,2,15,16,11,�g/m�,1 Hr,Valid
Beijing,PM2.5,2/15/2016 17:00,2016,2,15,17,12,�g/m�,1 Hr,Valid
Beijing,PM2.5,2/15/2016 18:00,2016,2,15,18,11,�g/m�,1 Hr,Valid
Beijing,PM2.5,2/15/2016 19:00,2016,2,15,19,15,�g/m�,1 Hr,Valid
Beijing,PM2.5,2/15/2016 20:00,2016,2,15,20,12,�g/m�,1 Hr,Valid
Beijing,PM2.5,2/15/2016 21:00,2016,2,15,21,11,�g/m�,1 Hr,Valid
Beijing,PM2.5,2/15/2016 22:00,2016,2,15,22,9,�g/m�,1 Hr,Valid
Beijing,PM2.5,2/15/2016 23:00,2016,2,15,23,9,�g/m�,1 Hr,Valid
Beijing,PM2.5,2/16/2016 0:00,2016,2,16,0,17,�g/m�,1 Hr,Valid
Beijing,PM2.5,2/16/2016 1:00,2016,2,16,1,12,�g/m�,1 Hr,Valid
Beijing,PM2.5,2/16/2016 2:00,2016,2,16,2,12,�g/m�,1 Hr,Valid
Beijing,PM2.5,2/16/2016 3:00,2016,2,16,3,11,�g/m�,1 Hr,Valid
Beijing,PM2.5,2/16/2016 4:00,2016,2,16,4,8,�g/m�,1 Hr,Valid
Beijing,PM2.5,2/16/2016 5:00,2016,2,16,5,5,�g/m�,1 Hr,Valid
Beijing,PM2.5,2/16/2016 6:00,2016,2,16,6,4,�g/m�,1 Hr,Valid
Beijing,PM2.5,2/16/2016 7:00,2016,2,16,7,6,�g/m�,1 Hr,Valid
Beijing,PM2.5,2/16/2016 8:00,2016,2,16,8,6,�g/m�,1 Hr,Valid
Beijing,PM2.5,2/16/2016 9:00,2016,2,16,9,4,�g/m�,1 Hr,Valid
Beijing,PM2.5,2/16/2016 10:00,2016,2,16,10,2,�g/m�,1 Hr,Valid
Beijing,PM2.5,2/16/2016 11:00,2016,2,16,11,7,�g/m�,1 Hr,Valid
Beijing,PM2.5,2/16/2016 12:00,2016,2,16,12,8,�g/m�,1 Hr,Valid
Beijing,PM2.5,2/16/2016 13:00,2016,2,16,13,7,�g/m�,1 Hr,Valid
Beijing,PM2.5,2/16/2016 14:00,2016,2,16,14,6,�g/m�,1 Hr,Valid
Beijing,PM2.5,2/16/2016 15:00,2016,2,16,15,10,�g/m�,1 Hr,Valid
Beijing,PM2.5,2/16/2016 16:00,2016,2,16,16,11,�g/m�,1 Hr,Valid
Beijing,PM2.5,2/16/2016 17:00,2016,2,16,17,15,�g/m�,1 Hr,Valid
Beijing,PM2.5,2/16/2016 18:00,2016,2,16,18,19,�g/m�,1 Hr,Valid
Beijing,PM2.5,2/16/2016 19:00,2016,2,16,19,15,�g/m�,1 Hr,Valid
Beijing,PM2.5,2/16/2016 20:00,2016,2,16,20,19,�g/m�,1 Hr,Valid
Beijing,PM2.5,2/16/2016 21:00,2016,2,16,21,17,�g/m�,1 Hr,Valid
Beijing,PM2.5,2/16/2016 22:00,2016,2,16,22,16,�g/m�,1 Hr,Valid
Beijing,PM2.5,2/16/2016 23:00,2016,2,16,23,19,�g/m�,1 Hr,Valid
Beijing,PM2.5,2/17/2016 0:00,2016,2,17,0,17,�g/m�,1 Hr,Valid
Beijing,PM2.5,2/17/2016 1:00,2016,2,17,1,20,�g/m�,1 Hr,Valid
Beijing,PM2.5,2/17/2016 2:00,2016,2,17,2,20,�g/m�,1 Hr,Valid
Beijing,PM2.5,2/17/2016 3:00,2016,2,17,3,20,�g/m�,1 Hr,Valid
Beijing,PM2.5,2/17/2016 4:00,2016,2,17,4,23,�g/m�,1 Hr,Valid
Beijing,PM2.5,2/17/2016 5:00,2016,2,17,5,22,�g/m�,1 Hr,Valid
Beijing,PM2.5,2/17/2016 6:00,2016,2,17,6,36,�g/m�,1 Hr,Valid
Beijing,PM2.5,2/17/2016 7:00,2016,2,17,7,36,�g/m�,1 Hr,Valid
Beijing,PM2.5,2/17/2016 8:00,2016,2,17,8,55,�g/m�,1 Hr,Valid
Beijing,PM2.5,2/17/2016 9:00,2016,2,17,9,82,�g/m�,1 Hr,Valid
Beijing,PM2.5,2/17/2016 10:00,2016,2,17,10,80,�g/m�,1 Hr,Valid
Beijing,PM2.5,2/17/2016 11:00,2016,2,17,11,64,�g/m�,1 Hr,Valid
Beijing,PM2.5,2/17/2016 12:00,2016,2,17,12,48,�g/m�,1 Hr,Valid
Beijing,PM2.5,2/17/2016 13:00,2016,2,17,13,48,�g/m�,1 Hr,Valid
Beijing,PM2.5,2/17/2016 14:00,2016,2,17,14,44,�g/m�,1 Hr,Valid
Beijing,PM2.5,2/17/2016 15:00,2016,2,17,15,44,�g/m�,1 Hr,Valid
Beijing,PM2.5,2/17/2016 16:00,2016,2,17,16,41,�g/m�,1 Hr,Valid
Beijing,PM2.5,2/17/2016 17:00,2016,2,17,17,45,�g/m�,1 Hr,Valid
Beijing,PM2.5,2/17/2016 18:00,2016,2,17,18,47,�g/m�,1 Hr,Valid
Beijing,PM2.5,2/17/2016 19:00,2016,2,17,19,66,�g/m�,1 Hr,Valid
Beijing,PM2.5,2/17/2016 20:00,2016,2,17,20,59,�g/m�,1 Hr,Valid
Beijing,PM2.5,2/17/2016 21:00,2016,2,17,21,59,�g/m�,1 Hr,Valid
Beijing,PM2.5,2/17/2016 22:00,2016,2,17,22,73,�g/m�,1 Hr,Valid
Beijing,PM2.5,2/17/2016 23:00,2016,2,17,23,68,�g/m�,1 Hr,Valid
Beijing,PM2.5,2/18/2016 0:00,2016,2,18,0,20,�g/m�,1 Hr,Valid
Beijing,PM2.5,2/18/2016 1:00,2016,2,18,1,17,�g/m�,1 Hr,Valid
Beijing,PM2.5,2/18/2016 2:00,2016,2,18,2,16,�g/m�,1 Hr,Valid
Beijing,PM2.5,2/18/2016 3:00,2016,2,18,3,18,�g/m�,1 Hr,Valid
Beijing,PM2.5,2/18/2016 4:00,2016,2,18,4,13,�g/m�,1 Hr,Valid
Beijing,PM2.5,2/18/2016 5:00,2016,2,18,5,13,�g/m�,1 Hr,Valid
Beijing,PM2.5,2/18/2016 6:00,2016,2,18,6,7,�g/m�,1 Hr,Valid
Beijing,PM2.5,2/18/2016 7:00,2016,2,18,7,4,�g/m�,1 Hr,Valid
Beijing,PM2.5,2/18/2016 8:00,2016,2,18,8,8,�g/m�,1 Hr,Valid
Beijing,PM2.5,2/18/2016 9:00,2016,2,18,9,7,�g/m�,1 Hr,Valid
Beijing,PM2.5,2/18/2016 10:00,2016,2,18,10,9,�g/m�,1 Hr,Valid
Beijing,PM2.5,2/18/2016 11:00,2016,2,18,11,12,�g/m�,1 Hr,Valid
Beijing,PM2.5,2/18/2016 12:00,2016,2,18,12,7,�g/m�,1 Hr,Valid
Beijing,PM2.5,2/18/2016 13:00,2016,2,18,13,10,�g/m�,1 Hr,Valid
Beijing,PM2.5,2/18/2016 14:00,2016,2,18,14,7,�g/m�,1 Hr,Valid
Beijing,PM2.5,2/18/2016 15:00,2016,2,18,15,13,�g/m�,1 Hr,Valid
Beijing,PM2.5,2/18/2016 16:00,2016,2,18,16,12,�g/m�,1 Hr,Valid
Beijing,PM2.5,2/18/2016 17:00,2016,2,18,17,11,�g/m�,1 Hr,Valid
Beijing,PM2.5,2/18/2016 18:00,2016,2,18,18,16,�g/m�,1 Hr,Valid
Beijing,PM2.5,2/18/2016 19:00,2016,2,18,19,19,�g/m�,1 Hr,Valid
Beijing,PM2.5,2/18/2016 20:00,2016,2,18,20,40,�g/m�,1 Hr,Valid
Beijing,PM2.5,2/18/2016 21:00,2016,2,18,21,22,�g/m�,1 Hr,Valid
Beijing,PM2.5,2/18/2016 22:00,2016,2,18,22,21,�g/m�,1 Hr,Valid
Beijing,PM2.5,2/18/2016 23:00,2016,2,18,23,15,�g/m�,1 Hr,Valid
Beijing,PM2.5,2/19/2016 0:00,2016,2,19,0,20,�g/m�,1 Hr,Valid
Beijing,PM2.5,2/19/2016 1:00,2016,2,19,1,11,�g/m�,1 Hr,Valid
Beijing,PM2.5,2/19/2016 2:00,2016,2,19,2,20,�g/m�,1 Hr,Valid
Beijing,PM2.5,2/19/2016 3:00,2016,2,19,3,18,�g/m�,1 Hr,Valid
Beijing,PM2.5,2/19/2016 4:00,2016,2,19,4,18,�g/m�,1 Hr,Valid
Beijing,PM2.5,2/19/2016 5:00,2016,2,19,5,15,�g/m�,1 Hr,Valid
Beijing,PM2.5,2/19/2016 6:00,2016,2,19,6,32,�g/m�,1 Hr,Valid
Beijing,PM2.5,2/19/2016 7:00,2016,2,19,7,21,�g/m�,1 Hr,Valid
Beijing,PM2.5,2/19/2016 8:00,2016,2,19,8,21,�g/m�,1 Hr,Valid
Beijing,PM2.5,2/19/2016 9:00,2016,2,19,9,26,�g/m�,1 Hr,Valid
Beijing,PM2.5,2/19/2016 10:00,2016,2,19,10,25,�g/m�,1 Hr,Valid
Beijing,PM2.5,2/19/2016 11:00,2016,2,19,11,20,�g/m�,1 Hr,Valid
Beijing,PM2.5,2/19/2016 12:00,2016,2,19,12,20,�g/m�,1 Hr,Valid
Beijing,PM2.5,2/19/2016 13:00,2016,2,19,13,10,�g/m�,1 Hr,Valid
Beijing,PM2.5,2/19/2016 14:00,2016,2,19,14,10,�g/m�,1 Hr,Valid
Beijing,PM2.5,2/19/2016 15:00,2016,2,19,15,10,�g/m�,1 Hr,Valid
Beijing,PM2.5,2/19/2016 16:00,2016,2,19,16,6,�g/m�,1 Hr,Valid
Beijing,PM2.5,2/19/2016 17:00,2016,2,19,17,7,�g/m�,1 Hr,Valid
Beijing,PM2.5,2/19/2016 18:00,2016,2,19,18,14,�g/m�,1 Hr,Valid
Beijing,PM2.5,2/19/2016 19:00,2016,2,19,19,10,�g/m�,1 Hr,Valid
Beijing,PM2.5,2/19/2016 20:00,2016,2,19,20,9,�g/m�,1 Hr,Valid
Beijing,PM2.5,2/19/2016 21:00,2016,2,19,21,11,�g/m�,1 Hr,Valid
Beijing,PM2.5,2/19/2016 22:00,2016,2,19,22,6,�g/m�,1 Hr,Valid
Beijing,PM2.5,2/19/2016 23:00,2016,2,19,23,9,�g/m�,1 Hr,Valid
Beijing,PM2.5,2/20/2016 0:00,2016,2,20,0,10,�g/m�,1 Hr,Valid
Beijing,PM2.5,2/20/2016 1:00,2016,2,20,1,14,�g/m�,1 Hr,Valid
Beijing,PM2.5,2/20/2016 2:00,2016,2,20,2,9,�g/m�,1 Hr,Valid
Beijing,PM2.5,2/20/2016 3:00,2016,2,20,3,7,�g/m�,1 Hr,Valid
Beijing,PM2.5,2/20/2016 4:00,2016,2,20,4,7,�g/m�,1 Hr,Valid
Beijing,PM2.5,2/20/2016 5:00,2016,2,20,5,4,�g/m�,1 Hr,Valid
Beijing,PM2.5,2/20/2016 6:00,2016,2,20,6,5,�g/m�,1 Hr,Valid
Beijing,PM2.5,2/20/2016 7:00,2016,2,20,7,9,�g/m�,1 Hr,Valid
Beijing,PM2.5,2/20/2016 8:00,2016,2,20,8,6,�g/m�,1 Hr,Valid
Beijing,PM2.5,2/20/2016 9:00,2016,2,20,9,7,�g/m�,1 Hr,Valid
Beijing,PM2.5,2/20/2016 10:00,2016,2,20,10,10,�g/m�,1 Hr,Valid
Beijing,PM2.5,2/20/2016 11:00,2016,2,20,11,9,�g/m�,1 Hr,Valid
Beijing,PM2.5,2/20/2016 12:00,2016,2,20,12,8,�g/m�,1 Hr,Valid
Beijing,PM2.5,2/20/2016 13:00,2016,2,20,13,16,�g/m�,1 Hr,Valid
Beijing,PM2.5,2/20/2016 14:00,2016,2,20,14,19,�g/m�,1 Hr,Valid
Beijing,PM2.5,2/20/2016 15:00,2016,2,20,15,21,�g/m�,1 Hr,Valid
Beijing,PM2.5,2/20/2016 16:00,2016,2,20,16,16,�g/m�,1 Hr,Valid
Beijing,PM2.5,2/20/2016 17:00,2016,2,20,17,15,�g/m�,1 Hr,Valid
Beijing,PM2.5,2/20/2016 18:00,2016,2,20,18,12,�g/m�,1 Hr,Valid
Beijing,PM2.5,2/20/2016 19:00,2016,2,20,19,19,�g/m�,1 Hr,Valid
Beijing,PM2.5,2/20/2016 20:00,2016,2,20,20,24,�g/m�,1 Hr,Valid
Beijing,PM2.5,2/20/2016 21:00,2016,2,20,21,32,�g/m�,1 Hr,Valid
Beijing,PM2.5,2/20/2016 22:00,2016,2,20,22,39,�g/m�,1 Hr,Valid
Beijing,PM2.5,2/20/2016 23:00,2016,2,20,23,49,�g/m�,1 Hr,Valid
Beijing,PM2.5,2/21/2016 0:00,2016,2,21,0,64,�g/m�,1 Hr,Valid
Beijing,PM2.5,2/21/2016 1:00,2016,2,21,1,72,�g/m�,1 Hr,Valid
Beijing,PM2.5,2/21/2016 2:00,2016,2,21,2,71,�g/m�,1 Hr,Valid
Beijing,PM2.5,2/21/2016 3:00,2016,2,21,3,82,�g/m�,1 Hr,Valid
Beijing,PM2.5,2/21/2016 4:00,2016,2,21,4,81,�g/m�,1 Hr,Valid
Beijing,PM2.5,2/21/2016 5:00,2016,2,21,5,78,�g/m�,1 Hr,Valid
Beijing,PM2.5,2/21/2016 6:00,2016,2,21,6,83,�g/m�,1 Hr,Valid
Beijing,PM2.5,2/21/2016 7:00,2016,2,21,7,84,�g/m�,1 Hr,Valid
Beijing,PM2.5,2/21/2016 8:00,2016,2,21,8,55,�g/m�,1 Hr,Valid
Beijing,PM2.5,2/21/2016 9:00,2016,2,21,9,91,�g/m�,1 Hr,Valid
Beijing,PM2.5,2/21/2016 10:00,2016,2,21,10,141,�g/m�,1 Hr,Valid
Beijing,PM2.5,2/21/2016 11:00,2016,2,21,11,147,�g/m�,1 Hr,Valid
Beijing,PM2.5,2/21/2016 12:00,2016,2,21,12,97,�g/m�,1 Hr,Valid
Beijing,PM2.5,2/21/2016 13:00,2016,2,21,13,84,�g/m�,1 Hr,Valid
Beijing,PM2.5,2/21/2016 14:00,2016,2,21,14,83,�g/m�,1 Hr,Valid
Beijing,PM2.5,2/21/2016 15:00,2016,2,21,15,78,�g/m�,1 Hr,Valid
Beijing,PM2.5,2/21/2016 16:00,2016,2,21,16,79,�g/m�,1 Hr,Valid
Beijing,PM2.5,2/21/2016 17:00,2016,2,21,17,72,�g/m�,1 Hr,Valid
Beijing,PM2.5,2/21/2016 18:00,2016,2,21,18,85,�g/m�,1 Hr,Valid
Beijing,PM2.5,2/21/2016 19:00,2016,2,21,19,111,�g/m�,1 Hr,Valid
Beijing,PM2.5,2/21/2016 20:00,2016,2,21,20,122,�g/m�,1 Hr,Valid
Beijing,PM2.5,2/21/2016 21:00,2016,2,21,21,134,�g/m�,1 Hr,Valid
Beijing,PM2.5,2/21/2016 22:00,2016,2,21,22,114,�g/m�,1 Hr,Valid
Beijing,PM2.5,2/21/2016 23:00,2016,2,21,23,118,�g/m�,1 Hr,Valid
Beijing,PM2.5,2/22/2016 0:00,2016,2,22,0,132,�g/m�,1 Hr,Valid
Beijing,PM2.5,2/22/2016 1:00,2016,2,22,1,129,�g/m�,1 Hr,Valid
Beijing,PM2.5,2/22/2016 2:00,2016,2,22,2,119,�g/m�,1 Hr,Valid
Beijing,PM2.5,2/22/2016 3:00,2016,2,22,3,119,�g/m�,1 Hr,Valid
Beijing,PM2.5,2/22/2016 4:00,2016,2,22,4,113,�g/m�,1 Hr,Valid
Beijing,PM2.5,2/22/2016 5:00,2016,2,22,5,117,�g/m�,1 Hr,Valid
Beijing,PM2.5,2/22/2016 6:00,2016,2,22,6,122,�g/m�,1 Hr,Valid
Beijing,PM2.5,2/22/2016 7:00,2016,2,22,7,135,�g/m�,1 Hr,Valid
Beijing,PM2.5,2/22/2016 8:00,2016,2,22,8,143,�g/m�,1 Hr,Valid
Beijing,PM2.5,2/22/2016 9:00,2016,2,22,9,143,�g/m�,1 Hr,Valid
Beijing,PM2.5,2/22/2016 10:00,2016,2,22,10,116,�g/m�,1 Hr,Valid
Beijing,PM2.5,2/22/2016 11:00,2016,2,22,11,53,�g/m�,1 Hr,Valid
Beijing,PM2.5,2/22/2016 12:00,2016,2,22,12,15,�g/m�,1 Hr,Valid
Beijing,PM2.5,2/22/2016 13:00,2016,2,22,13,13,�g/m�,1 Hr,Valid
Beijing,PM2.5,2/22/2016 14:00,2016,2,22,14,11,�g/m�,1 Hr,Valid
Beijing,PM2.5,2/22/2016 15:00,2016,2,22,15,13,�g/m�,1 Hr,Valid
Beijing,PM2.5,2/22/2016 16:00,2016,2,22,16,10,�g/m�,1 Hr,Valid
Beijing,PM2.5,2/22/2016 17:00,2016,2,22,17,10,�g/m�,1 Hr,Valid
Beijing,PM2.5,2/22/2016 18:00,2016,2,22,18,8,�g/m�,1 Hr,Valid
Beijing,PM2.5,2/22/2016 19:00,2016,2,22,19,15,�g/m�,1 Hr,Valid
Beijing,PM2.5,2/22/2016 20:00,2016,2,22,20,35,�g/m�,1 Hr,Valid
Beijing,PM2.5,2/22/2016 21:00,2016,2,22,21,45,�g/m�,1 Hr,Valid
Beijing,PM2.5,2/22/2016 22:00,2016,2,22,22,32,�g/m�,1 Hr,Valid
Beijing,PM2.5,2/22/2016 23:00,2016,2,22,23,18,�g/m�,1 Hr,Valid
Beijing,PM2.5,2/23/2016 0:00,2016,2,23,0,18,�g/m�,1 Hr,Valid
Beijing,PM2.5,2/23/2016 1:00,2016,2,23,1,18,�g/m�,1 Hr,Valid
Beijing,PM2.5,2/23/2016 2:00,2016,2,23,2,17,�g/m�,1 Hr,Valid
Beijing,PM2.5,2/23/2016 3:00,2016,2,23,3,17,�g/m�,1 Hr,Valid
Beijing,PM2.5,2/23/2016 4:00,2016,2,23,4,10,�g/m�,1 Hr,Valid
Beijing,PM2.5,2/23/2016 5:00,2016,2,23,5,12,�g/m�,1 Hr,Valid
Beijing,PM2.5,2/23/2016 6:00,2016,2,23,6,12,�g/m�,1 Hr,Valid
Beijing,PM2.5,2/23/2016 7:00,2016,2,23,7,11,�g/m�,1 Hr,Valid
Beijing,PM2.5,2/23/2016 8:00,2016,2,23,8,8,�g/m�,1 Hr,Valid
Beijing,PM2.5,2/23/2016 9:00,2016,2,23,9,8,�g/m�,1 Hr,Valid
Beijing,PM2.5,2/23/2016 10:00,2016,2,23,10,12,�g/m�,1 Hr,Valid
Beijing,PM2.5,2/23/2016 11:00,2016,2,23,11,11,�g/m�,1 Hr,Valid
Beijing,PM2.5,2/23/2016 12:00,2016,2,23,12,11,�g/m�,1 Hr,Valid
Beijing,PM2.5,2/23/2016 13:00,2016,2,23,13,9,�g/m�,1 Hr,Valid
Beijing,PM2.5,2/23/2016 14:00,2016,2,23,14,9,�g/m�,1 Hr,Valid
Beijing,PM2.5,2/23/2016 15:00,2016,2,23,15,8,�g/m�,1 Hr,Valid
Beijing,PM2.5,2/23/2016 16:00,2016,2,23,16,6,�g/m�,1 Hr,Valid
Beijing,PM2.5,2/23/2016 17:00,2016,2,23,17,6,�g/m�,1 Hr,Valid
Beijing,PM2.5,2/23/2016 18:00,2016,2,23,18,10,�g/m�,1 Hr,Valid
Beijing,PM2.5,2/23/2016 19:00,2016,2,23,19,13,�g/m�,1 Hr,Valid
Beijing,PM2.5,2/23/2016 20:00,2016,2,23,20,36,�g/m�,1 Hr,Valid
Beijing,PM2.5,2/23/2016 21:00,2016,2,23,21,18,�g/m�,1 Hr,Valid
Beijing,PM2.5,2/23/2016 22:00,2016,2,23,22,21,�g/m�,1 Hr,Valid
Beijing,PM2.5,2/23/2016 23:00,2016,2,23,23,20,�g/m�,1 Hr,Valid
Beijing,PM2.5,2/24/2016 0:00,2016,2,24,0,19,�g/m�,1 Hr,Valid
Beijing,PM2.5,2/24/2016 1:00,2016,2,24,1,18,�g/m�,1 Hr,Valid
Beijing,PM2.5,2/24/2016 2:00,2016,2,24,2,15,�g/m�,1 Hr,Valid
Beijing,PM2.5,2/24/2016 3:00,2016,2,24,3,27,�g/m�,1 Hr,Valid
Beijing,PM2.5,2/24/2016 4:00,2016,2,24,4,44,�g/m�,1 Hr,Valid
Beijing,PM2.5,2/24/2016 5:00,2016,2,24,5,45,�g/m�,1 Hr,Valid
Beijing,PM2.5,2/24/2016 6:00,2016,2,24,6,37,�g/m�,1 Hr,Valid
Beijing,PM2.5,2/24/2016 7:00,2016,2,24,7,35,�g/m�,1 Hr,Valid
Beijing,PM2.5,2/24/2016 8:00,2016,2,24,8,27,�g/m�,1 Hr,Valid
Beijing,PM2.5,2/24/2016 9:00,2016,2,24,9,42,�g/m�,1 Hr,Valid
Beijing,PM2.5,2/24/2016 10:00,2016,2,24,10,58,�g/m�,1 Hr,Valid
Beijing,PM2.5,2/24/2016 11:00,2016,2,24,11,64,�g/m�,1 Hr,Valid
Beijing,PM2.5,2/24/2016 12:00,2016,2,24,12,31,�g/m�,1 Hr,Valid
Beijing,PM2.5,2/24/2016 13:00,2016,2,24,13,20,�g/m�,1 Hr,Valid
Beijing,PM2.5,2/24/2016 14:00,2016,2,24,14,24,�g/m�,1 Hr,Valid
Beijing,PM2.5,2/24/2016 15:00,2016,2,24,15,20,�g/m�,1 Hr,Valid
Beijing,PM2.5,2/24/2016 16:00,2016,2,24,16,27,�g/m�,1 Hr,Valid
Beijing,PM2.5,2/24/2016 17:00,2016,2,24,17,19,�g/m�,1 Hr,Valid
Beijing,PM2.5,2/24/2016 18:00,2016,2,24,18,11,�g/m�,1 Hr,Valid
Beijing,PM2.5,2/24/2016 19:00,2016,2,24,19,10,�g/m�,1 Hr,Valid
Beijing,PM2.5,2/24/2016 20:00,2016,2,24,20,7,�g/m�,1 Hr,Valid
Beijing,PM2.5,2/24/2016 21:00,2016,2,24,21,4,�g/m�,1 Hr,Valid
Beijing,PM2.5,2/24/2016 22:00,2016,2,24,22,5,�g/m�,1 Hr,Valid
Beijing,PM2.5,2/24/2016 23:00,2016,2,24,23,7,�g/m�,1 Hr,Valid
Beijing,PM2.5,2/25/2016 0:00,2016,2,25,0,16,�g/m�,1 Hr,Valid
Beijing,PM2.5,2/25/2016 1:00,2016,2,25,1,14,�g/m�,1 Hr,Valid
Beijing,PM2.5,2/25/2016 2:00,2016,2,25,2,17,�g/m�,1 Hr,Valid
Beijing,PM2.5,2/25/2016 3:00,2016,2,25,3,19,�g/m�,1 Hr,Valid
Beijing,PM2.5,2/25/2016 4:00,2016,2,25,4,27,�g/m�,1 Hr,Valid
Beijing,PM2.5,2/25/2016 5:00,2016,2,25,5,22,�g/m�,1 Hr,Valid
Beijing,PM2.5,2/25/2016 6:00,2016,2,25,6,22,�g/m�,1 Hr,Valid
Beijing,PM2.5,2/25/2016 7:00,2016,2,25,7,21,�g/m�,1 Hr,Valid
Beijing,PM2.5,2/25/2016 8:00,2016,2,25,8,18,�g/m�,1 Hr,Valid
Beijing,PM2.5,2/25/2016 9:00,2016,2,25,9,14,�g/m�,1 Hr,Valid
Beijing,PM2.5,2/25/2016 10:00,2016,2,25,10,21,�g/m�,1 Hr,Valid
Beijing,PM2.5,2/25/2016 11:00,2016,2,25,11,-999,�g/m�,1 Hr,Missing
Beijing,PM2.5,2/25/2016 12:00,2016,2,25,12,-15,�g/m�,1 Hr,Valid
Beijing,PM2.5,2/25/2016 13:00,2016,2,25,13,33,�g/m�,1 Hr,Valid
Beijing,PM2.5,2/25/2016 14:00,2016,2,25,14,34,�g/m�,1 Hr,Valid
Beijing,PM2.5,2/25/2016 15:00,2016,2,25,15,38,�g/m�,1 Hr,Valid
Beijing,PM2.5,2/25/2016 16:00,2016,2,25,16,43,�g/m�,1 Hr,Valid
Beijing,PM2.5,2/25/2016 17:00,2016,2,25,17,41,�g/m�,1 Hr,Valid
Beijing,PM2.5,2/25/2016 18:00,2016,2,25,18,21,�g/m�,1 Hr,Valid
Beijing,PM2.5,2/25/2016 19:00,2016,2,25,19,6,�g/m�,1 Hr,Valid
Beijing,PM2.5,2/25/2016 20:00,2016,2,25,20,13,�g/m�,1 Hr,Valid
Beijing,PM2.5,2/25/2016 21:00,2016,2,25,21,7,�g/m�,1 Hr,Valid
Beijing,PM2.5,2/25/2016 22:00,2016,2,25,22,1,�g/m�,1 Hr,Valid
Beijing,PM2.5,2/25/2016 23:00,2016,2,25,23,2,�g/m�,1 Hr,Valid
Beijing,PM2.5,2/26/2016 0:00,2016,2,26,0,5,�g/m�,1 Hr,Valid
Beijing,PM2.5,2/26/2016 1:00,2016,2,26,1,5,�g/m�,1 Hr,Valid
Beijing,PM2.5,2/26/2016 2:00,2016,2,26,2,5,�g/m�,1 Hr,Valid
Beijing,PM2.5,2/26/2016 3:00,2016,2,26,3,6,�g/m�,1 Hr,Valid
Beijing,PM2.5,2/26/2016 4:00,2016,2,26,4,5,�g/m�,1 Hr,Valid
Beijing,PM2.5,2/26/2016 5:00,2016,2,26,5,6,�g/m�,1 Hr,Valid
Beijing,PM2.5,2/26/2016 6:00,2016,2,26,6,9,�g/m�,1 Hr,Valid
Beijing,PM2.5,2/26/2016 7:00,2016,2,26,7,21,�g/m�,1 Hr,Valid
Beijing,PM2.5,2/26/2016 8:00,2016,2,26,8,28,�g/m�,1 Hr,Valid
Beijing,PM2.5,2/26/2016 9:00,2016,2,26,9,43,�g/m�,1 Hr,Valid
Beijing,PM2.5,2/26/2016 10:00,2016,2,26,10,39,�g/m�,1 Hr,Valid
Beijing,PM2.5,2/26/2016 11:00,2016,2,26,11,44,�g/m�,1 Hr,Valid
Beijing,PM2.5,2/26/2016 12:00,2016,2,26,12,44,�g/m�,1 Hr,Valid
Beijing,PM2.5,2/26/2016 13:00,2016,2,26,13,50,�g/m�,1 Hr,Valid
Beijing,PM2.5,2/26/2016 14:00,2016,2,26,14,43,�g/m�,1 Hr,Valid
Beijing,PM2.5,2/26/2016 15:00,2016,2,26,15,50,�g/m�,1 Hr,Valid
Beijing,PM2.5,2/26/2016 16:00,2016,2,26,16,48,�g/m�,1 Hr,Valid
Beijing,PM2.5,2/26/2016 17:00,2016,2,26,17,55,�g/m�,1 Hr,Valid
Beijing,PM2.5,2/26/2016 18:00,2016,2,26,18,55,�g/m�,1 Hr,Valid
Beijing,PM2.5,2/26/2016 19:00,2016,2,26,19,80,�g/m�,1 Hr,Valid
Beijing,PM2.5,2/26/2016 20:00,2016,2,26,20,100,�g/m�,1 Hr,Valid
Beijing,PM2.5,2/26/2016 21:00,2016,2,26,21,62,�g/m�,1 Hr,Valid
Beijing,PM2.5,2/26/2016 22:00,2016,2,26,22,28,�g/m�,1 Hr,Valid
Beijing,PM2.5,2/26/2016 23:00,2016,2,26,23,17,�g/m�,1 Hr,Valid
Beijing,PM2.5,2/27/2016 0:00,2016,2,27,0,12,�g/m�,1 Hr,Valid
Beijing,PM2.5,2/27/2016 1:00,2016,2,27,1,14,�g/m�,1 Hr,Valid
Beijing,PM2.5,2/27/2016 2:00,2016,2,27,2,8,�g/m�,1 Hr,Valid
Beijing,PM2.5,2/27/2016 3:00,2016,2,27,3,22,�g/m�,1 Hr,Valid
Beijing,PM2.5,2/27/2016 4:00,2016,2,27,4,17,�g/m�,1 Hr,Valid
Beijing,PM2.5,2/27/2016 5:00,2016,2,27,5,15,�g/m�,1 Hr,Valid
Beijing,PM2.5,2/27/2016 6:00,2016,2,27,6,19,�g/m�,1 Hr,Valid
Beijing,PM2.5,2/27/2016 7:00,2016,2,27,7,19,�g/m�,1 Hr,Valid
Beijing,PM2.5,2/27/2016 8:00,2016,2,27,8,19,�g/m�,1 Hr,Valid
Beijing,PM2.5,2/27/2016 9:00,2016,2,27,9,20,�g/m�,1 Hr,Valid
Beijing,PM2.5,2/27/2016 10:00,2016,2,27,10,19,�g/m�,1 Hr,Valid
Beijing,PM2.5,2/27/2016 11:00,2016,2,27,11,15,�g/m�,1 Hr,Valid
Beijing,PM2.5,2/27/2016 12:00,2016,2,27,12,18,�g/m�,1 Hr,Valid
Beijing,PM2.5,2/27/2016 13:00,2016,2,27,13,16,�g/m�,1 Hr,Valid
Beijing,PM2.5,2/27/2016 14:00,2016,2,27,14,18,�g/m�,1 Hr,Valid
Beijing,PM2.5,2/27/2016 15:00,2016,2,27,15,21,�g/m�,1 Hr,Valid
Beijing,PM2.5,2/27/2016 16:00,2016,2,27,16,29,�g/m�,1 Hr,Valid
Beijing,PM2.5,2/27/2016 17:00,2016,2,27,17,19,�g/m�,1 Hr,Valid
Beijing,PM2.5,2/27/2016 18:00,2016,2,27,18,30,�g/m�,1 Hr,Valid
Beijing,PM2.5,2/27/2016 19:00,2016,2,27,19,36,�g/m�,1 Hr,Valid
Beijing,PM2.5,2/27/2016 20:00,2016,2,27,20,53,�g/m�,1 Hr,Valid
Beijing,PM2.5,2/27/2016 21:00,2016,2,27,21,43,�g/m�,1 Hr,Valid
Beijing,PM2.5,2/27/2016 22:00,2016,2,27,22,27,�g/m�,1 Hr,Valid
Beijing,PM2.5,2/27/2016 23:00,2016,2,27,23,63,�g/m�,1 Hr,Valid
Beijing,PM2.5,2/28/2016 0:00,2016,2,28,0,54,�g/m�,1 Hr,Valid
Beijing,PM2.5,2/28/2016 1:00,2016,2,28,1,48,�g/m�,1 Hr,Valid
Beijing,PM2.5,2/28/2016 2:00,2016,2,28,2,54,�g/m�,1 Hr,Valid
Beijing,PM2.5,2/28/2016 3:00,2016,2,28,3,71,�g/m�,1 Hr,Valid
Beijing,PM2.5,2/28/2016 4:00,2016,2,28,4,63,�g/m�,1 Hr,Valid
Beijing,PM2.5,2/28/2016 5:00,2016,2,28,5,64,�g/m�,1 Hr,Valid
Beijing,PM2.5,2/28/2016 6:00,2016,2,28,6,63,�g/m�,1 Hr,Valid
Beijing,PM2.5,2/28/2016 7:00,2016,2,28,7,67,�g/m�,1 Hr,Valid
Beijing,PM2.5,2/28/2016 8:00,2016,2,28,8,74,�g/m�,1 Hr,Valid
Beijing,PM2.5,2/28/2016 9:00,2016,2,28,9,52,�g/m�,1 Hr,Valid
Beijing,PM2.5,2/28/2016 10:00,2016,2,28,10,31,�g/m�,1 Hr,Valid
Beijing,PM2.5,2/28/2016 11:00,2016,2,28,11,14,�g/m�,1 Hr,Valid
Beijing,PM2.5,2/28/2016 12:00,2016,2,28,12,12,�g/m�,1 Hr,Valid
Beijing,PM2.5,2/28/2016 13:00,2016,2,28,13,9,�g/m�,1 Hr,Valid
Beijing,PM2.5,2/28/2016 14:00,2016,2,28,14,10,�g/m�,1 Hr,Valid
Beijing,PM2.5,2/28/2016 15:00,2016,2,28,15,7,�g/m�,1 Hr,Valid
Beijing,PM2.5,2/28/2016 16:00,2016,2,28,16,7,�g/m�,1 Hr,Valid
Beijing,PM2.5,2/28/2016 17:00,2016,2,28,17,9,�g/m�,1 Hr,Valid
Beijing,PM2.5,2/28/2016 18:00,2016,2,28,18,9,�g/m�,1 Hr,Valid
Beijing,PM2.5,2/28/2016 19:00,2016,2,28,19,9,�g/m�,1 Hr,Valid
Beijing,PM2.5,2/28/2016 20:00,2016,2,28,20,13,�g/m�,1 Hr,Valid
Beijing,PM2.5,2/28/2016 21:00,2016,2,28,21,10,�g/m�,1 Hr,Valid
Beijing,PM2.5,2/28/2016 22:00,2016,2,28,22,7,�g/m�,1 Hr,Valid
Beijing,PM2.5,2/28/2016 23:00,2016,2,28,23,11,�g/m�,1 Hr,Valid
Beijing,PM2.5,2/29/2016 0:00,2016,2,29,0,14,�g/m�,1 Hr,Valid
Beijing,PM2.5,2/29/2016 1:00,2016,2,29,1,24,�g/m�,1 Hr,Valid
Beijing,PM2.5,2/29/2016 2:00,2016,2,29,2,19,�g/m�,1 Hr,Valid
Beijing,PM2.5,2/29/2016 3:00,2016,2,29,3,13,�g/m�,1 Hr,Valid
Beijing,PM2.5,2/29/2016 4:00,2016,2,29,4,29,�g/m�,1 Hr,Valid
Beijing,PM2.5,2/29/2016 5:00,2016,2,29,5,25,�g/m�,1 Hr,Valid
Beijing,PM2.5,2/29/2016 6:00,2016,2,29,6,12,�g/m�,1 Hr,Valid
Beijing,PM2.5,2/29/2016 7:00,2016,2,29,7,15,�g/m�,1 Hr,Valid
Beijing,PM2.5,2/29/2016 8:00,2016,2,29,8,12,�g/m�,1 Hr,Valid
Beijing,PM2.5,2/29/2016 9:00,2016,2,29,9,15,�g/m�,1 Hr,Valid
Beijing,PM2.5,2/29/2016 10:00,2016,2,29,10,20,�g/m�,1 Hr,Valid
Beijing,PM2.5,2/29/2016 11:00,2016,2,29,11,25,�g/m�,1 Hr,Valid
Beijing,PM2.5,2/29/2016 12:00,2016,2,29,12,30,�g/m�,1 Hr,Valid
Beijing,PM2.5,2/29/2016 13:00,2016,2,29,13,42,�g/m�,1 Hr,Valid
Beijing,PM2.5,2/29/2016 14:00,2016,2,29,14,44,�g/m�,1 Hr,Valid
Beijing,PM2.5,2/29/2016 15:00,2016,2,29,15,42,�g/m�,1 Hr,Valid
Beijing,PM2.5,2/29/2016 16:00,2016,2,29,16,51,�g/m�,1 Hr,Valid
Beijing,PM2.5,2/29/2016 17:00,2016,2,29,17,59,�g/m�,1 Hr,Valid
Beijing,PM2.5,2/29/2016 18:00,2016,2,29,18,52,�g/m�,1 Hr,Valid
Beijing,PM2.5,2/29/2016 19:00,2016,2,29,19,60,�g/m�,1 Hr,Valid
Beijing,PM2.5,2/29/2016 20:00,2016,2,29,20,62,�g/m�,1 Hr,Valid
Beijing,PM2.5,2/29/2016 21:00,2016,2,29,21,58,�g/m�,1 Hr,Valid
Beijing,PM2.5,2/29/2016 22:00,2016,2,29,22,57,�g/m�,1 Hr,Valid
Beijing,PM2.5,2/29/2016 23:00,2016,2,29,23,60,�g/m�,1 Hr,Valid
